2014,162,BLA,
2014,162,BAL,96
2014,162,BOS,71
2014,162,CHW,73
2014,162,CLE,85
2014,162,DET,90
2014,162,HOU,70
2014,162,KCR,89
2014,162,ANA,98
2014,162,MIL,
2014,162,MIN,70
2014,162,NYY,84
2014,162,OAK,88
2014,162,SEA,87
2014,162,TBD,77
2014,162,TEX,67
2014,162,TOR,83
2013,163,BLA,
2013,163,BAL,85
2013,163,BOS,97
2013,163,CHW,63
2013,163,CLE,92
2013,163,DET,93
2013,163,HOU,51
2013,163,KCR,86
2013,163,ANA,78
2013,163,MIL,
2013,163,MIN,66
2013,163,NYY,85
2013,163,OAK,96
2013,163,SEA,71
2013,163,TBD,92
2013,163,TEX,91
2013,163,TOR,74
2012,162,BLA,
2012,162,BAL,93
2012,162,BOS,69
2012,162,CHW,85
2012,162,CLE,68
2012,162,DET,88
2012,162,HOU,
2012,162,KCR,72
2012,162,ANA,89
2012,162,MIL,
2012,162,MIN,66
2012,162,NYY,95
2012,162,OAK,94
2012,162,SEA,75
2012,162,TBD,90
2012,162,TEX,93
2012,162,TOR,73
2011,162,BLA,
2011,162,BAL,69
2011,162,BOS,90
2011,162,CHW,79
2011,162,CLE,80
2011,162,DET,95
2011,162,HOU,
2011,162,KCR,71
2011,162,ANA,86
2011,162,MIL,
2011,162,MIN,63
2011,162,NYY,97
2011,162,OAK,74
2011,162,SEA,67
2011,162,TBD,91
2011,162,TEX,96
2011,162,TOR,81
2010,162,BLA,
2010,162,BAL,66
2010,162,BOS,89
2010,162,CHW,88
2010,162,CLE,69
2010,162,DET,81
2010,162,HOU,
2010,162,KCR,67
2010,162,ANA,80
2010,162,MIL,
2010,162,MIN,94
2010,162,NYY,95
2010,162,OAK,81
2010,162,SEA,61
2010,162,TBD,96
2010,162,TEX,90
2010,162,TOR,85
2009,163,BLA,
2009,163,BAL,64
2009,163,BOS,95
2009,163,CHW,79
2009,163,CLE,65
2009,163,DET,86
2009,163,HOU,
2009,163,KCR,65
2009,163,ANA,97
2009,163,MIL,
2009,163,MIN,87
2009,163,NYY,103
2009,163,OAK,75
2009,163,SEA,85
2009,163,TBD,84
2009,163,TEX,87
2009,163,TOR,75
2008,163,BLA,
2008,163,BAL,68
2008,163,BOS,95
2008,163,CHW,89
2008,163,CLE,81
2008,163,DET,74
2008,163,HOU,
2008,163,KCR,75
2008,163,ANA,100
2008,163,MIL,
2008,163,MIN,88
2008,163,NYY,89
2008,163,OAK,75
2008,163,SEA,61
2008,163,TBD,97
2008,163,TEX,79
2008,163,TOR,86
2007,163,BLA,
2007,163,BAL,69
2007,163,BOS,96
2007,163,CHW,72
2007,163,CLE,96
2007,163,DET,88
2007,163,HOU,
2007,163,KCR,69
2007,163,ANA,94
2007,163,MIL,
2007,163,MIN,79
2007,163,NYY,94
2007,163,OAK,76
2007,163,SEA,88
2007,163,TBD,66
2007,163,TEX,75
2007,163,TOR,83
2006,162,BLA,
2006,162,BAL,70
2006,162,BOS,86
2006,162,CHW,90
2006,162,CLE,78
2006,162,DET,95
2006,162,HOU,
2006,162,KCR,62
2006,162,ANA,89
2006,162,MIL,
2006,162,MIN,96
2006,162,NYY,97
2006,162,OAK,93
2006,162,SEA,78
2006,162,TBD,61
2006,162,TEX,80
2006,162,TOR,87
2005,162,BLA,
2005,162,BAL,74
2005,162,BOS,95
2005,162,CHW,99
2005,162,CLE,93
2005,162,DET,71
2005,162,HOU,
2005,162,KCR,56
2005,162,ANA,95
2005,162,MIL,
2005,162,MIN,83
2005,162,NYY,95
2005,162,OAK,88
2005,162,SEA,69
2005,162,TBD,67
2005,162,TEX,79
2005,162,TOR,80
2004,162,BLA,
2004,162,BAL,78
2004,162,BOS,98
2004,162,CHW,83
2004,162,CLE,80
2004,162,DET,72
2004,162,HOU,
2004,162,KCR,58
2004,162,ANA,92
2004,162,MIL,
2004,162,MIN,92
2004,162,NYY,101
2004,162,OAK,91
2004,162,SEA,63
2004,162,TBD,70
2004,162,TEX,89
2004,162,TOR,67
2003,162,BLA,
2003,162,BAL,71
2003,162,BOS,95
2003,162,CHW,86
2003,162,CLE,68
2003,162,DET,43
2003,162,HOU,
2003,162,KCR,83
2003,162,ANA,77
2003,162,MIL,
2003,162,MIN,90
2003,162,NYY,101
2003,162,OAK,96
2003,162,SEA,93
2003,162,TBD,63
2003,162,TEX,71
2003,162,TOR,86
2002,162,BLA,
2002,162,BAL,67
2002,162,BOS,93
2002,162,CHW,81
2002,162,CLE,74
2002,162,DET,55
2002,162,HOU,
2002,162,KCR,62
2002,162,ANA,99
2002,162,MIL,
2002,162,MIN,94
2002,162,NYY,103
2002,162,OAK,103
2002,162,SEA,93
2002,162,TBD,55
2002,162,TEX,72
2002,162,TOR,78
2001,162,BLA,
2001,162,BAL,63
2001,162,BOS,82
2001,162,CHW,83
2001,162,CLE,91
2001,162,DET,66
2001,162,HOU,
2001,162,KCR,65
2001,162,ANA,75
2001,162,MIL,
2001,162,MIN,85
2001,162,NYY,95
2001,162,OAK,102
2001,162,SEA,116
2001,162,TBD,62
2001,162,TEX,73
2001,162,TOR,80
2000,162,BLA,
2000,162,BAL,74
2000,162,BOS,85
2000,162,CHW,95
2000,162,CLE,90
2000,162,DET,79
2000,162,HOU,
2000,162,KCR,77
2000,162,ANA,82
2000,162,MIL,
2000,162,MIN,69
2000,162,NYY,87
2000,162,OAK,91
2000,162,SEA,91
2000,162,TBD,69
2000,162,TEX,71
2000,162,TOR,83
1999,163,BLA,
1999,163,BAL,78
1999,163,BOS,94
1999,163,CHW,75
1999,163,CLE,97
1999,163,DET,69
1999,163,HOU,
1999,163,KCR,64
1999,163,ANA,70
1999,163,MIL,
1999,163,MIN,63
1999,163,NYY,98
1999,163,OAK,87
1999,163,SEA,79
1999,163,TBD,69
1999,163,TEX,95
1999,163,TOR,84
1998,163,BLA,
1998,163,BAL,79
1998,163,BOS,92
1998,163,CHW,80
1998,163,CLE,89
1998,163,DET,65
1998,163,HOU,
1998,163,KCR,72
1998,163,ANA,85
1998,163,MIL,
1998,163,MIN,70
1998,163,NYY,114
1998,163,OAK,74
1998,163,SEA,76
1998,163,TBD,63
1998,163,TEX,88
1998,163,TOR,88
1997,162,BLA,
1997,162,BAL,98
1997,162,BOS,78
1997,162,CHW,80
1997,162,CLE,86
1997,162,DET,79
1997,162,HOU,
1997,162,KCR,67
1997,162,ANA,84
1997,162,MIL,78
1997,162,MIN,68
1997,162,NYY,96
1997,162,OAK,65
1997,162,SEA,90
1997,162,TBD,
1997,162,TEX,77
1997,162,TOR,76
1996,162,BLA,
1996,162,BAL,88
1996,162,BOS,85
1996,162,CHW,85
1996,162,CLE,99
1996,162,DET,53
1996,162,HOU,
1996,162,KCR,75
1996,162,ANA,70
1996,162,MIL,80
1996,162,MIN,78
1996,162,NYY,92
1996,162,OAK,78
1996,162,SEA,85
1996,162,TBD,
1996,162,TEX,90
1996,162,TOR,74
1995,145,BLA,
1995,145,BAL,71
1995,145,BOS,86
1995,145,CHW,68
1995,145,CLE,100
1995,145,DET,60
1995,145,HOU,
1995,145,KCR,70
1995,145,ANA,78
1995,145,MIL,65
1995,145,MIN,56
1995,145,NYY,79
1995,145,OAK,67
1995,145,SEA,79
1995,145,TBD,
1995,145,TEX,74
1995,145,TOR,56
1994,117,BLA,
1994,117,BAL,63
1994,117,BOS,54
1994,117,CHW,67
1994,117,CLE,66
1994,117,DET,53
1994,117,HOU,
1994,117,KCR,64
1994,117,ANA,47
1994,117,MIL,53
1994,117,MIN,53
1994,117,NYY,70
1994,117,OAK,51
1994,117,SEA,49
1994,117,TBD,
1994,117,TEX,52
1994,117,TOR,55
1993,162,BLA,
1993,162,BAL,85
1993,162,BOS,80
1993,162,CHW,94
1993,162,CLE,76
1993,162,DET,85
1993,162,HOU,
1993,162,KCR,84
1993,162,ANA,71
1993,162,MIL,69
1993,162,MIN,71
1993,162,NYY,88
1993,162,OAK,68
1993,162,SEA,82
1993,162,TBD,
1993,162,TEX,86
1993,162,TOR,95
1992,162,BLA,
1992,162,BAL,89
1992,162,BOS,73
1992,162,CHW,86
1992,162,CLE,76
1992,162,DET,75
1992,162,HOU,
1992,162,KCR,72
1992,162,ANA,72
1992,162,MIL,92
1992,162,MIN,90
1992,162,NYY,76
1992,162,OAK,96
1992,162,SEA,64
1992,162,TBD,
1992,162,TEX,77
1992,162,TOR,96
1991,162,BLA,
1991,162,BAL,67
1991,162,BOS,84
1991,162,CHW,87
1991,162,CLE,57
1991,162,DET,84
1991,162,HOU,
1991,162,KCR,82
1991,162,ANA,81
1991,162,MIL,83
1991,162,MIN,95
1991,162,NYY,71
1991,162,OAK,84
1991,162,SEA,83
1991,162,TBD,
1991,162,TEX,85
1991,162,TOR,91
1990,162,BLA,
1990,162,BAL,76
1990,162,BOS,88
1990,162,CHW,94
1990,162,CLE,77
1990,162,DET,79
1990,162,HOU,
1990,162,KCR,75
1990,162,ANA,80
1990,162,MIL,74
1990,162,MIN,74
1990,162,NYY,67
1990,162,OAK,103
1990,162,SEA,77
1990,162,TBD,
1990,162,TEX,83
1990,162,TOR,86
1989,162,BLA,
1989,162,BAL,87
1989,162,BOS,83
1989,162,CHW,69
1989,162,CLE,73
1989,162,DET,59
1989,162,HOU,
1989,162,KCR,92
1989,162,ANA,91
1989,162,MIL,81
1989,162,MIN,80
1989,162,NYY,74
1989,162,OAK,99
1989,162,SEA,73
1989,162,TBD,
1989,162,TEX,83
1989,162,TOR,89
1988,162,BLA,
1988,162,BAL,54
1988,162,BOS,89
1988,162,CHW,71
1988,162,CLE,78
1988,162,DET,88
1988,162,HOU,
1988,162,KCR,84
1988,162,ANA,75
1988,162,MIL,87
1988,162,MIN,91
1988,162,NYY,85
1988,162,OAK,104
1988,162,SEA,68
1988,162,TBD,
1988,162,TEX,70
1988,162,TOR,87
1987,162,BLA,
1987,162,BAL,67
1987,162,BOS,78
1987,162,CHW,77
1987,162,CLE,61
1987,162,DET,98
1987,162,HOU,
1987,162,KCR,83
1987,162,ANA,75
1987,162,MIL,91
1987,162,MIN,85
1987,162,NYY,89
1987,162,OAK,81
1987,162,SEA,78
1987,162,TBD,
1987,162,TEX,75
1987,162,TOR,96
1986,162,BLA,
1986,162,BAL,73
1986,162,BOS,95
1986,162,CHW,72
1986,162,CLE,84
1986,162,DET,87
1986,162,HOU,
1986,162,KCR,76
1986,162,ANA,92
1986,162,MIL,77
1986,162,MIN,71
1986,162,NYY,90
1986,162,OAK,76
1986,162,SEA,67
1986,162,TBD,
1986,162,TEX,87
1986,162,TOR,86
1985,162,BLA,
1985,162,BAL,83
1985,162,BOS,81
1985,162,CHW,85
1985,162,CLE,60
1985,162,DET,84
1985,162,HOU,
1985,162,KCR,91
1985,162,ANA,90
1985,162,MIL,71
1985,162,MIN,77
1985,162,NYY,97
1985,162,OAK,77
1985,162,SEA,74
1985,162,TBD,
1985,162,TEX,62
1985,162,TOR,99
1984,162,BLA,
1984,162,BAL,85
1984,162,BOS,86
1984,162,CHW,74
1984,162,CLE,75
1984,162,DET,104
1984,162,HOU,
1984,162,KCR,84
1984,162,ANA,81
1984,162,MIL,67
1984,162,MIN,81
1984,162,NYY,87
1984,162,OAK,77
1984,162,SEA,74
1984,162,TBD,
1984,162,TEX,69
1984,162,TOR,89
1983,162,BLA,
1983,162,BAL,98
1983,162,BOS,78
1983,162,CHW,99
1983,162,CLE,70
1983,162,DET,92
1983,162,HOU,
1983,162,KCR,79
1983,162,ANA,70
1983,162,MIL,87
1983,162,MIN,70
1983,162,NYY,91
1983,162,OAK,74
1983,162,SEA,60
1983,162,TBD,
1983,162,TEX,77
1983,162,TOR,89
1982,162,BLA,
1982,162,BAL,94
1982,162,BOS,89
1982,162,CHW,87
1982,162,CLE,78
1982,162,DET,83
1982,162,HOU,
1982,162,KCR,90
1982,162,ANA,93
1982,162,MIL,95
1982,162,MIN,60
1982,162,NYY,79
1982,162,OAK,68
1982,162,SEA,76
1982,162,TBD,
1982,162,TEX,64
1982,162,TOR,78
1981,111,BLA,
1981,111,BAL,59
1981,111,BOS,59
1981,111,CHW,54
1981,111,CLE,52
1981,111,DET,60
1981,111,HOU,
1981,111,KCR,50
1981,111,ANA,51
1981,111,MIL,62
1981,111,MIN,41
1981,111,NYY,59
1981,111,OAK,64
1981,111,SEA,44
1981,111,TBD,
1981,111,TEX,57
1981,111,TOR,37
1980,163,BLA,
1980,163,BAL,100
1980,163,BOS,83
1980,163,CHW,70
1980,163,CLE,79
1980,163,DET,84
1980,163,HOU,
1980,163,KCR,97
1980,163,ANA,65
1980,163,MIL,86
1980,163,MIN,77
1980,163,NYY,103
1980,163,OAK,83
1980,163,SEA,59
1980,163,TBD,
1980,163,TEX,76
1980,163,TOR,67
1979,162,BLA,
1979,162,BAL,102
1979,162,BOS,91
1979,162,CHW,73
1979,162,CLE,81
1979,162,DET,85
1979,162,HOU,
1979,162,KCR,85
1979,162,ANA,88
1979,162,MIL,95
1979,162,MIN,82
1979,162,NYY,89
1979,162,OAK,54
1979,162,SEA,67
1979,162,TBD,
1979,162,TEX,83
1979,162,TOR,53
1978,163,BLA,
1978,163,BAL,90
1978,163,BOS,99
1978,163,CHW,71
1978,163,CLE,69
1978,163,DET,86
1978,163,HOU,
1978,163,KCR,92
1978,163,ANA,87
1978,163,MIL,93
1978,163,MIN,73
1978,163,NYY,100
1978,163,OAK,69
1978,163,SEA,56
1978,163,TBD,
1978,163,TEX,87
1978,163,TOR,59
1977,162,BLA,
1977,162,BAL,97
1977,162,BOS,97
1977,162,CHW,90
1977,162,CLE,71
1977,162,DET,74
1977,162,HOU,
1977,162,KCR,102
1977,162,ANA,74
1977,162,MIL,67
1977,162,MIN,84
1977,162,NYY,100
1977,162,OAK,63
1977,162,SEA,64
1977,162,TBD,
1977,162,TEX,94
1977,162,TOR,54
1976,162,BLA,
1976,162,BAL,88
1976,162,BOS,83
1976,162,CHW,64
1976,162,CLE,81
1976,162,DET,74
1976,162,HOU,
1976,162,KCR,90
1976,162,ANA,76
1976,162,MIL,66
1976,162,MIN,85
1976,162,NYY,97
1976,162,OAK,87
1976,162,SEA,
1976,162,TBD,
1976,162,TEX,76
1976,162,TOR,
1975,162,BLA,
1975,162,BAL,90
1975,162,BOS,95
1975,162,CHW,75
1975,162,CLE,79
1975,162,DET,57
1975,162,HOU,
1975,162,KCR,91
1975,162,ANA,72
1975,162,MIL,68
1975,162,MIN,76
1975,162,NYY,83
1975,162,OAK,98
1975,162,SEA,
1975,162,TBD,
1975,162,TEX,79
1975,162,TOR,
1974,162,BLA,
1974,162,BAL,91
1974,162,BOS,84
1974,162,CHW,80
1974,162,CLE,77
1974,162,DET,72
1974,162,HOU,
1974,162,KCR,77
1974,162,ANA,68
1974,162,MIL,76
1974,162,MIN,82
1974,162,NYY,89
1974,162,OAK,90
1974,162,SEA,
1974,162,TBD,
1974,162,TEX,84
1974,162,TOR,
1973,162,BLA,
1973,162,BAL,97
1973,162,BOS,89
1973,162,CHW,77
1973,162,CLE,71
1973,162,DET,85
1973,162,HOU,
1973,162,KCR,88
1973,162,ANA,79
1973,162,MIL,74
1973,162,MIN,81
1973,162,NYY,80
1973,162,OAK,94
1973,162,SEA,
1973,162,TBD,
1973,162,TEX,57
1973,162,TOR,
1972,156,BLA,
1972,156,BAL,80
1972,156,BOS,85
1972,156,CHW,87
1972,156,CLE,72
1972,156,DET,86
1972,156,HOU,
1972,156,KCR,76
1972,156,ANA,75
1972,156,MIL,65
1972,156,MIN,77
1972,156,NYY,79
1972,156,OAK,93
1972,156,SEA,
1972,156,TBD,
1972,156,TEX,54
1972,156,TOR,
1971,162,BLA,
1971,162,BAL,101
1971,162,BOS,85
1971,162,CHW,79
1971,162,CLE,60
1971,162,DET,91
1971,162,HOU,
1971,162,KCR,85
1971,162,ANA,76
1971,162,MIL,69
1971,162,MIN,74
1971,162,NYY,82
1971,162,OAK,101
1971,162,SEA,
1971,162,TBD,
1971,162,TEX,63
1971,162,TOR,
1970,162,BLA,
1970,162,BAL,108
1970,162,BOS,87
1970,162,CHW,56
1970,162,CLE,76
1970,162,DET,79
1970,162,HOU,
1970,162,KCR,65
1970,162,ANA,86
1970,162,MIL,65
1970,162,MIN,98
1970,162,NYY,93
1970,162,OAK,89
1970,162,SEA,
1970,162,TBD,
1970,162,TEX,70
1970,162,TOR,
1969,162,BLA,
1969,162,BAL,109
1969,162,BOS,87
1969,162,CHW,68
1969,162,CLE,62
1969,162,DET,90
1969,162,HOU,
1969,162,KCR,69
1969,162,ANA,71
1969,162,MIL,64
1969,162,MIN,97
1969,162,NYY,80
1969,162,OAK,88
1969,162,SEA,
1969,162,TBD,
1969,162,TEX,86
1969,162,TOR,
1968,162,BLA,
1968,162,BAL,91
1968,162,BOS,86
1968,162,CHW,67
1968,162,CLE,86
1968,162,DET,103
1968,162,HOU,
1968,162,KCR,
1968,162,ANA,67
1968,162,MIL,
1968,162,MIN,79
1968,162,NYY,83
1968,162,OAK,82
1968,162,SEA,
1968,162,TBD,
1968,162,TEX,65
1968,162,TOR,
1967,162,BLA,
1967,162,BAL,76
1967,162,BOS,92
1967,162,CHW,89
1967,162,CLE,75
1967,162,DET,91
1967,162,HOU,
1967,162,KCR,
1967,162,ANA,84
1967,162,MIL,
1967,162,MIN,91
1967,162,NYY,72
1967,162,OAK,62
1967,162,SEA,
1967,162,TBD,
1967,162,TEX,76
1967,162,TOR,
1966,162,BLA,
1966,162,BAL,97
1966,162,BOS,72
1966,162,CHW,83
1966,162,CLE,81
1966,162,DET,88
1966,162,HOU,
1966,162,KCR,
1966,162,ANA,80
1966,162,MIL,
1966,162,MIN,89
1966,162,NYY,70
1966,162,OAK,74
1966,162,SEA,
1966,162,TBD,
1966,162,TEX,71
1966,162,TOR,
1965,162,BLA,
1965,162,BAL,94
1965,162,BOS,62
1965,162,CHW,95
1965,162,CLE,87
1965,162,DET,89
1965,162,HOU,
1965,162,KCR,
1965,162,ANA,75
1965,162,MIL,
1965,162,MIN,102
1965,162,NYY,77
1965,162,OAK,59
1965,162,SEA,
1965,162,TBD,
1965,162,TEX,70
1965,162,TOR,
1964,162,BLA,
1964,162,BAL,97
1964,162,BOS,72
1964,162,CHW,98
1964,162,CLE,79
1964,162,DET,85
1964,162,HOU,
1964,162,KCR,
1964,162,ANA,82
1964,162,MIL,
1964,162,MIN,79
1964,162,NYY,99
1964,162,OAK,57
1964,162,SEA,
1964,162,TBD,
1964,162,TEX,62
1964,162,TOR,
1963,162,BLA,
1963,162,BAL,86
1963,162,BOS,76
1963,162,CHW,94
1963,162,CLE,79
1963,162,DET,79
1963,162,HOU,
1963,162,KCR,
1963,162,ANA,70
1963,162,MIL,
1963,162,MIN,91
1963,162,NYY,104
1963,162,OAK,73
1963,162,SEA,
1963,162,TBD,
1963,162,TEX,56
1963,162,TOR,
1962,165,BLA,
1962,165,BAL,77
1962,165,BOS,76
1962,165,CHW,85
1962,165,CLE,80
1962,165,DET,85
1962,165,HOU,
1962,165,KCR,
1962,165,ANA,86
1962,165,MIL,
1962,165,MIN,91
1962,165,NYY,96
1962,165,OAK,72
1962,165,SEA,
1962,165,TBD,
1962,165,TEX,60
1962,165,TOR,
1961,162,BLA,
1961,162,BAL,95
1961,162,BOS,76
1961,162,CHW,86
1961,162,CLE,78
1961,162,DET,101
1961,162,HOU,
1961,162,KCR,
1961,162,ANA,70
1961,162,MIL,
1961,162,MIN,70
1961,162,NYY,109
1961,162,OAK,61
1961,162,SEA,
1961,162,TBD,
1961,162,TEX,61
1961,162,TOR,
1960,154,BLA,
1960,154,BAL,89
1960,154,BOS,65
1960,154,CHW,87
1960,154,CLE,76
1960,154,DET,71
1960,154,HOU,
1960,154,KCR,
1960,154,ANA,
1960,154,MIL,
1960,154,MIN,73
1960,154,NYY,97
1960,154,OAK,58
1960,154,SEA,
1960,154,TBD,
1960,154,TEX,
1960,154,TOR,
1959,156,BLA,
1959,156,BAL,74
1959,156,BOS,75
1959,156,CHW,94
1959,156,CLE,89
1959,156,DET,76
1959,156,HOU,
1959,156,KCR,
1959,156,ANA,
1959,156,MIL,
1959,156,MIN,63
1959,156,NYY,79
1959,156,OAK,66
1959,156,SEA,
1959,156,TBD,
1959,156,TEX,
1959,156,TOR,
1958,154,BLA,
1958,154,BAL,74
1958,154,BOS,79
1958,154,CHW,82
1958,154,CLE,77
1958,154,DET,77
1958,154,HOU,
1958,154,KCR,
1958,154,ANA,
1958,154,MIL,
1958,154,MIN,61
1958,154,NYY,92
1958,154,OAK,73
1958,154,SEA,
1958,154,TBD,
1958,154,TEX,
1958,154,TOR,
1957,154,BLA,
1957,154,BAL,76
1957,154,BOS,82
1957,154,CHW,90
1957,154,CLE,76
1957,154,DET,78
1957,154,HOU,
1957,154,KCR,
1957,154,ANA,
1957,154,MIL,
1957,154,MIN,55
1957,154,NYY,98
1957,154,OAK,59
1957,154,SEA,
1957,154,TBD,
1957,154,TEX,
1957,154,TOR,
1956,154,BLA,
1956,154,BAL,69
1956,154,BOS,84
1956,154,CHW,85
1956,154,CLE,88
1956,154,DET,82
1956,154,HOU,
1956,154,KCR,
1956,154,ANA,
1956,154,MIL,
1956,154,MIN,59
1956,154,NYY,97
1956,154,OAK,52
1956,154,SEA,
1956,154,TBD,
1956,154,TEX,
1956,154,TOR,
1955,154,BLA,
1955,154,BAL,57
1955,154,BOS,84
1955,154,CHW,91
1955,154,CLE,93
1955,154,DET,79
1955,154,HOU,
1955,154,KCR,
1955,154,ANA,
1955,154,MIL,
1955,154,MIN,53
1955,154,NYY,96
1955,154,OAK,63
1955,154,SEA,
1955,154,TBD,
1955,154,TEX,
1955,154,TOR,
1954,154,BLA,
1954,154,BAL,54
1954,154,BOS,69
1954,154,CHW,94
1954,154,CLE,111
1954,154,DET,68
1954,154,HOU,
1954,154,KCR,
1954,154,ANA,
1954,154,MIL,
1954,154,MIN,66
1954,154,NYY,103
1954,154,OAK,51
1954,154,SEA,
1954,154,TBD,
1954,154,TEX,
1954,154,TOR,
1953,154,BLA,
1953,154,BAL,54
1953,154,BOS,84
1953,154,CHW,89
1953,154,CLE,92
1953,154,DET,60
1953,154,HOU,
1953,154,KCR,
1953,154,ANA,
1953,154,MIL,
1953,154,MIN,76
1953,154,NYY,99
1953,154,OAK,59
1953,154,SEA,
1953,154,TBD,
1953,154,TEX,
1953,154,TOR,
1952,154,BLA,
1952,154,BAL,64
1952,154,BOS,76
1952,154,CHW,81
1952,154,CLE,93
1952,154,DET,50
1952,154,HOU,
1952,154,KCR,
1952,154,ANA,
1952,154,MIL,
1952,154,MIN,78
1952,154,NYY,95
1952,154,OAK,79
1952,154,SEA,
1952,154,TBD,
1952,154,TEX,
1952,154,TOR,
1951,157,BLA,
1951,157,BAL,52
1951,157,BOS,87
1951,157,CHW,81
1951,157,CLE,93
1951,157,DET,73
1951,157,HOU,
1951,157,KCR,
1951,157,ANA,
1951,157,MIL,
1951,157,MIN,62
1951,157,NYY,98
1951,157,OAK,70
1951,157,SEA,
1951,157,TBD,
1951,157,TEX,
1951,157,TOR,
1950,154,BLA,
1950,154,BAL,58
1950,154,BOS,94
1950,154,CHW,60
1950,154,CLE,92
1950,154,DET,95
1950,154,HOU,
1950,154,KCR,
1950,154,ANA,
1950,154,MIL,
1950,154,MIN,67
1950,154,NYY,98
1950,154,OAK,52
1950,154,SEA,
1950,154,TBD,
1950,154,TEX,
1950,154,TOR,
1949,154,BLA,
1949,154,BAL,53
1949,154,BOS,96
1949,154,CHW,63
1949,154,CLE,89
1949,154,DET,87
1949,154,HOU,
1949,154,KCR,
1949,154,ANA,
1949,154,MIL,
1949,154,MIN,50
1949,154,NYY,97
1949,154,OAK,81
1949,154,SEA,
1949,154,TBD,
1949,154,TEX,
1949,154,TOR,
1948,155,BLA,
1948,155,BAL,59
1948,155,BOS,96
1948,155,CHW,51
1948,155,CLE,97
1948,155,DET,78
1948,155,HOU,
1948,155,KCR,
1948,155,ANA,
1948,155,MIL,
1948,155,MIN,56
1948,155,NYY,94
1948,155,OAK,84
1948,155,SEA,
1948,155,TBD,
1948,155,TEX,
1948,155,TOR,
1947,154,BLA,
1947,154,BAL,59
1947,154,BOS,83
1947,154,CHW,70
1947,154,CLE,80
1947,154,DET,85
1947,154,HOU,
1947,154,KCR,
1947,154,ANA,
1947,154,MIL,
1947,154,MIN,64
1947,154,NYY,97
1947,154,OAK,78
1947,154,SEA,
1947,154,TBD,
1947,154,TEX,
1947,154,TOR,
1946,156,BLA,
1946,156,BAL,66
1946,156,BOS,104
1946,156,CHW,74
1946,156,CLE,68
1946,156,DET,92
1946,156,HOU,
1946,156,KCR,
1946,156,ANA,
1946,156,MIL,
1946,156,MIN,76
1946,156,NYY,87
1946,156,OAK,49
1946,156,SEA,
1946,156,TBD,
1946,156,TEX,
1946,156,TOR,
1945,154,BLA,
1945,154,BAL,81
1945,154,BOS,71
1945,154,CHW,71
1945,154,CLE,73
1945,154,DET,88
1945,154,HOU,
1945,154,KCR,
1945,154,ANA,
1945,154,MIL,
1945,154,MIN,87
1945,154,NYY,81
1945,154,OAK,52
1945,154,SEA,
1945,154,TBD,
1945,154,TEX,
1945,154,TOR,
1944,154,BLA,
1944,154,BAL,89
1944,154,BOS,77
1944,154,CHW,71
1944,154,CLE,72
1944,154,DET,88
1944,154,HOU,
1944,154,KCR,
1944,154,ANA,
1944,154,MIL,
1944,154,MIN,64
1944,154,NYY,83
1944,154,OAK,72
1944,154,SEA,
1944,154,TBD,
1944,154,TEX,
1944,154,TOR,
1943,154,BLA,
1943,154,BAL,72
1943,154,BOS,68
1943,154,CHW,82
1943,154,CLE,82
1943,154,DET,78
1943,154,HOU,
1943,154,KCR,
1943,154,ANA,
1943,154,MIL,
1943,154,MIN,84
1943,154,NYY,98
1943,154,OAK,49
1943,154,SEA,
1943,154,TBD,
1943,154,TEX,
1943,154,TOR,
1942,154,BLA,
1942,154,BAL,82
1942,154,BOS,93
1942,154,CHW,66
1942,154,CLE,75
1942,154,DET,73
1942,154,HOU,
1942,154,KCR,
1942,154,ANA,
1942,154,MIL,
1942,154,MIN,62
1942,154,NYY,103
1942,154,OAK,55
1942,154,SEA,
1942,154,TBD,
1942,154,TEX,
1942,154,TOR,
1941,154,BLA,
1941,154,BAL,70
1941,154,BOS,84
1941,154,CHW,77
1941,154,CLE,75
1941,154,DET,75
1941,154,HOU,
1941,154,KCR,
1941,154,ANA,
1941,154,MIL,
1941,154,MIN,70
1941,154,NYY,101
1941,154,OAK,64
1941,154,SEA,
1941,154,TBD,
1941,154,TEX,
1941,154,TOR,
1940,154,BLA,
1940,154,BAL,67
1940,154,BOS,82
1940,154,CHW,82
1940,154,CLE,89
1940,154,DET,90
1940,154,HOU,
1940,154,KCR,
1940,154,ANA,
1940,154,MIL,
1940,154,MIN,64
1940,154,NYY,88
1940,154,OAK,54
1940,154,SEA,
1940,154,TBD,
1940,154,TEX,
1940,154,TOR,
1939,154,BLA,
1939,154,BAL,43
1939,154,BOS,89
1939,154,CHW,85
1939,154,CLE,87
1939,154,DET,81
1939,154,HOU,
1939,154,KCR,
1939,154,ANA,
1939,154,MIL,
1939,154,MIN,65
1939,154,NYY,106
1939,154,OAK,55
1939,154,SEA,
1939,154,TBD,
1939,154,TEX,
1939,154,TOR,
1938,154,BLA,
1938,154,BAL,55
1938,154,BOS,88
1938,154,CHW,65
1938,154,CLE,86
1938,154,DET,84
1938,154,HOU,
1938,154,KCR,
1938,154,ANA,
1938,154,MIL,
1938,154,MIN,75
1938,154,NYY,99
1938,154,OAK,53
1938,154,SEA,
1938,154,TBD,
1938,154,TEX,
1938,154,TOR,
1937,154,BLA,
1937,154,BAL,46
1937,154,BOS,80
1937,154,CHW,86
1937,154,CLE,83
1937,154,DET,89
1937,154,HOU,
1937,154,KCR,
1937,154,ANA,
1937,154,MIL,
1937,154,MIN,73
1937,154,NYY,102
1937,154,OAK,54
1937,154,SEA,
1937,154,TBD,
1937,154,TEX,
1937,154,TOR,
1936,154,BLA,
1936,154,BAL,57
1936,154,BOS,74
1936,154,CHW,81
1936,154,CLE,80
1936,154,DET,83
1936,154,HOU,
1936,154,KCR,
1936,154,ANA,
1936,154,MIL,
1936,154,MIN,82
1936,154,NYY,102
1936,154,OAK,53
1936,154,SEA,
1936,154,TBD,
1936,154,TEX,
1936,154,TOR,
1935,154,BLA,
1935,154,BAL,65
1935,154,BOS,78
1935,154,CHW,74
1935,154,CLE,82
1935,154,DET,93
1935,154,HOU,
1935,154,KCR,
1935,154,ANA,
1935,154,MIL,
1935,154,MIN,67
1935,154,NYY,89
1935,154,OAK,58
1935,154,SEA,
1935,154,TBD,
1935,154,TEX,
1935,154,TOR,
1934,154,BLA,
1934,154,BAL,67
1934,154,BOS,76
1934,154,CHW,53
1934,154,CLE,85
1934,154,DET,101
1934,154,HOU,
1934,154,KCR,
1934,154,ANA,
1934,154,MIL,
1934,154,MIN,66
1934,154,NYY,94
1934,154,OAK,68
1934,154,SEA,
1934,154,TBD,
1934,154,TEX,
1934,154,TOR,
1933,154,BLA,
1933,154,BAL,55
1933,154,BOS,63
1933,154,CHW,67
1933,154,CLE,75
1933,154,DET,75
1933,154,HOU,
1933,154,KCR,
1933,154,ANA,
1933,154,MIL,
1933,154,MIN,99
1933,154,NYY,91
1933,154,OAK,79
1933,154,SEA,
1933,154,TBD,
1933,154,TEX,
1933,154,TOR,
1932,154,BLA,
1932,154,BAL,63
1932,154,BOS,43
1932,154,CHW,49
1932,154,CLE,87
1932,154,DET,76
1932,154,HOU,
1932,154,KCR,
1932,154,ANA,
1932,154,MIL,
1932,154,MIN,93
1932,154,NYY,107
1932,154,OAK,94
1932,154,SEA,
1932,154,TBD,
1932,154,TEX,
1932,154,TOR,
1931,154,BLA,
1931,154,BAL,63
1931,154,BOS,62
1931,154,CHW,56
1931,154,CLE,78
1931,154,DET,61
1931,154,HOU,
1931,154,KCR,
1931,154,ANA,
1931,154,MIL,
1931,154,MIN,92
1931,154,NYY,94
1931,154,OAK,107
1931,154,SEA,
1931,154,TBD,
1931,154,TEX,
1931,154,TOR,
1930,154,BLA,
1930,154,BAL,64
1930,154,BOS,52
1930,154,CHW,62
1930,154,CLE,81
1930,154,DET,75
1930,154,HOU,
1930,154,KCR,
1930,154,ANA,
1930,154,MIL,
1930,154,MIN,94
1930,154,NYY,86
1930,154,OAK,102
1930,154,SEA,
1930,154,TBD,
1930,154,TEX,
1930,154,TOR,
1929,154,BLA,
1929,154,BAL,79
1929,154,BOS,58
1929,154,CHW,59
1929,154,CLE,81
1929,154,DET,70
1929,154,HOU,
1929,154,KCR,
1929,154,ANA,
1929,154,MIL,
1929,154,MIN,71
1929,154,NYY,88
1929,154,OAK,104
1929,154,SEA,
1929,154,TBD,
1929,154,TEX,
1929,154,TOR,
1928,154,BLA,
1928,154,BAL,82
1928,154,BOS,57
1928,154,CHW,72
1928,154,CLE,62
1928,154,DET,68
1928,154,HOU,
1928,154,KCR,
1928,154,ANA,
1928,154,MIL,
1928,154,MIN,75
1928,154,NYY,101
1928,154,OAK,98
1928,154,SEA,
1928,154,TBD,
1928,154,TEX,
1928,154,TOR,
1927,154,BLA,
1927,154,BAL,59
1927,154,BOS,51
1927,154,CHW,70
1927,154,CLE,66
1927,154,DET,82
1927,154,HOU,
1927,154,KCR,
1927,154,ANA,
1927,154,MIL,
1927,154,MIN,85
1927,154,NYY,110
1927,154,OAK,91
1927,154,SEA,
1927,154,TBD,
1927,154,TEX,
1927,154,TOR,
1926,154,BLA,
1926,154,BAL,62
1926,154,BOS,46
1926,154,CHW,81
1926,154,CLE,88
1926,154,DET,79
1926,154,HOU,
1926,154,KCR,
1926,154,ANA,
1926,154,MIL,
1926,154,MIN,81
1926,154,NYY,91
1926,154,OAK,83
1926,154,SEA,
1926,154,TBD,
1926,154,TEX,
1926,154,TOR,
1925,154,BLA,
1925,154,BAL,82
1925,154,BOS,47
1925,154,CHW,79
1925,154,CLE,70
1925,154,DET,81
1925,154,HOU,
1925,154,KCR,
1925,154,ANA,
1925,154,MIL,
1925,154,MIN,96
1925,154,NYY,69
1925,154,OAK,88
1925,154,SEA,
1925,154,TBD,
1925,154,TEX,
1925,154,TOR,
1924,154,BLA,
1924,154,BAL,74
1924,154,BOS,67
1924,154,CHW,66
1924,154,CLE,67
1924,154,DET,86
1924,154,HOU,
1924,154,KCR,
1924,154,ANA,
1924,154,MIL,
1924,154,MIN,92
1924,154,NYY,89
1924,154,OAK,71
1924,154,SEA,
1924,154,TBD,
1924,154,TEX,
1924,154,TOR,
1923,154,BLA,
1923,154,BAL,74
1923,154,BOS,61
1923,154,CHW,69
1923,154,CLE,82
1923,154,DET,83
1923,154,HOU,
1923,154,KCR,
1923,154,ANA,
1923,154,MIL,
1923,154,MIN,75
1923,154,NYY,98
1923,154,OAK,69
1923,154,SEA,
1923,154,TBD,
1923,154,TEX,
1923,154,TOR,
1922,154,BLA,
1922,154,BAL,93
1922,154,BOS,61
1922,154,CHW,77
1922,154,CLE,78
1922,154,DET,79
1922,154,HOU,
1922,154,KCR,
1922,154,ANA,
1922,154,MIL,
1922,154,MIN,69
1922,154,NYY,94
1922,154,OAK,65
1922,154,SEA,
1922,154,TBD,
1922,154,TEX,
1922,154,TOR,
1921,154,BLA,
1921,154,BAL,81
1921,154,BOS,75
1921,154,CHW,62
1921,154,CLE,94
1921,154,DET,71
1921,154,HOU,
1921,154,KCR,
1921,154,ANA,
1921,154,MIL,
1921,154,MIN,80
1921,154,NYY,98
1921,154,OAK,53
1921,154,SEA,
1921,154,TBD,
1921,154,TEX,
1921,154,TOR,
1920,154,BLA,
1920,154,BAL,76
1920,154,BOS,72
1920,154,CHW,96
1920,154,CLE,98
1920,154,DET,61
1920,154,HOU,
1920,154,KCR,
1920,154,ANA,
1920,154,MIL,
1920,154,MIN,68
1920,154,NYY,95
1920,154,OAK,48
1920,154,SEA,
1920,154,TBD,
1920,154,TEX,
1920,154,TOR,
1919,140,BLA,
1919,140,BAL,67
1919,140,BOS,66
1919,140,CHW,88
1919,140,CLE,84
1919,140,DET,80
1919,140,HOU,
1919,140,KCR,
1919,140,ANA,
1919,140,MIL,
1919,140,MIN,56
1919,140,NYY,80
1919,140,OAK,36
1919,140,SEA,
1919,140,TBD,
1919,140,TEX,
1919,140,TOR,
1918,129,BLA,
1918,129,BAL,58
1918,129,BOS,75
1918,129,CHW,57
1918,129,CLE,73
1918,129,DET,55
1918,129,HOU,
1918,129,KCR,
1918,129,ANA,
1918,129,MIL,
1918,129,MIN,72
1918,129,NYY,60
1918,129,OAK,52
1918,129,SEA,
1918,129,TBD,
1918,129,TEX,
1918,129,TOR,
1917,154,BLA,
1917,154,BAL,57
1917,154,BOS,90
1917,154,CHW,100
1917,154,CLE,88
1917,154,DET,78
1917,154,HOU,
1917,154,KCR,
1917,154,ANA,
1917,154,MIL,
1917,154,MIN,74
1917,154,NYY,71
1917,154,OAK,55
1917,154,SEA,
1917,154,TBD,
1917,154,TEX,
1917,154,TOR,
1916,154,BLA,
1916,154,BAL,79
1916,154,BOS,91
1916,154,CHW,89
1916,154,CLE,77
1916,154,DET,87
1916,154,HOU,
1916,154,KCR,
1916,154,ANA,
1916,154,MIL,
1916,154,MIN,76
1916,154,NYY,80
1916,154,OAK,36
1916,154,SEA,
1916,154,TBD,
1916,154,TEX,
1916,154,TOR,
1915,154,BLA,
1915,154,BAL,63
1915,154,BOS,101
1915,154,CHW,93
1915,154,CLE,57
1915,154,DET,100
1915,154,HOU,
1915,154,KCR,
1915,154,ANA,
1915,154,MIL,
1915,154,MIN,85
1915,154,NYY,69
1915,154,OAK,43
1915,154,SEA,
1915,154,TBD,
1915,154,TEX,
1915,154,TOR,
1914,154,BLA,
1914,154,BAL,71
1914,154,BOS,91
1914,154,CHW,70
1914,154,CLE,51
1914,154,DET,80
1914,154,HOU,
1914,154,KCR,
1914,154,ANA,
1914,154,MIL,
1914,154,MIN,81
1914,154,NYY,70
1914,154,OAK,99
1914,154,SEA,
1914,154,TBD,
1914,154,TEX,
1914,154,TOR,
1913,154,BLA,
1913,154,BAL,57
1913,154,BOS,79
1913,154,CHW,78
1913,154,CLE,86
1913,154,DET,66
1913,154,HOU,
1913,154,KCR,
1913,154,ANA,
1913,154,MIL,
1913,154,MIN,90
1913,154,NYY,57
1913,154,OAK,96
1913,154,SEA,
1913,154,TBD,
1913,154,TEX,
1913,154,TOR,
1912,154,BLA,
1912,154,BAL,53
1912,154,BOS,105
1912,154,CHW,78
1912,154,CLE,75
1912,154,DET,69
1912,154,HOU,
1912,154,KCR,
1912,154,ANA,
1912,154,MIL,
1912,154,MIN,91
1912,154,NYY,50
1912,154,OAK,90
1912,154,SEA,
1912,154,TBD,
1912,154,TEX,
1912,154,TOR,
1911,154,BLA,
1911,154,BAL,45
1911,154,BOS,78
1911,154,CHW,77
1911,154,CLE,80
1911,154,DET,89
1911,154,HOU,
1911,154,KCR,
1911,154,ANA,
1911,154,MIL,
1911,154,MIN,64
1911,154,NYY,76
1911,154,OAK,101
1911,154,SEA,
1911,154,TBD,
1911,154,TEX,
1911,154,TOR,
1910,154,BLA,
1910,154,BAL,47
1910,154,BOS,81
1910,154,CHW,68
1910,154,CLE,71
1910,154,DET,86
1910,154,HOU,
1910,154,KCR,
1910,154,ANA,
1910,154,MIL,
1910,154,MIN,66
1910,154,NYY,88
1910,154,OAK,102
1910,154,SEA,
1910,154,TBD,
1910,154,TEX,
1910,154,TOR,
1909,153,BLA,
1909,153,BAL,61
1909,153,BOS,88
1909,153,CHW,78
1909,153,CLE,71
1909,153,DET,98
1909,153,HOU,
1909,153,KCR,
1909,153,ANA,
1909,153,MIL,
1909,153,MIN,42
1909,153,NYY,74
1909,153,OAK,95
1909,153,SEA,
1909,153,TBD,
1909,153,TEX,
1909,153,TOR,
1908,154,BLA,
1908,154,BAL,83
1908,154,BOS,75
1908,154,CHW,88
1908,154,CLE,90
1908,154,DET,90
1908,154,HOU,
1908,154,KCR,
1908,154,ANA,
1908,154,MIL,
1908,154,MIN,67
1908,154,NYY,51
1908,154,OAK,68
1908,154,SEA,
1908,154,TBD,
1908,154,TEX,
1908,154,TOR,
1907,154,BLA,
1907,154,BAL,69
1907,154,BOS,59
1907,154,CHW,87
1907,154,CLE,85
1907,154,DET,92
1907,154,HOU,
1907,154,KCR,
1907,154,ANA,
1907,154,MIL,
1907,154,MIN,49
1907,154,NYY,70
1907,154,OAK,88
1907,154,SEA,
1907,154,TBD,
1907,154,TEX,
1907,154,TOR,
1906,154,BLA,
1906,154,BAL,76
1906,154,BOS,49
1906,154,CHW,93
1906,154,CLE,89
1906,154,DET,71
1906,154,HOU,
1906,154,KCR,
1906,154,ANA,
1906,154,MIL,
1906,154,MIN,55
1906,154,NYY,90
1906,154,OAK,78
1906,154,SEA,
1906,154,TBD,
1906,154,TEX,
1906,154,TOR,
1905,154,BLA,
1905,154,BAL,54
1905,154,BOS,78
1905,154,CHW,92
1905,154,CLE,76
1905,154,DET,79
1905,154,HOU,
1905,154,KCR,
1905,154,ANA,
1905,154,MIL,
1905,154,MIN,64
1905,154,NYY,71
1905,154,OAK,92
1905,154,SEA,
1905,154,TBD,
1905,154,TEX,
1905,154,TOR,
1904,154,BLA,
1904,154,BAL,65
1904,154,BOS,95
1904,154,CHW,89
1904,154,CLE,86
1904,154,DET,62
1904,154,HOU,
1904,154,KCR,
1904,154,ANA,
1904,154,MIL,
1904,154,MIN,38
1904,154,NYY,92
1904,154,OAK,81
1904,154,SEA,
1904,154,TBD,
1904,154,TEX,
1904,154,TOR,
1903,140,BLA,
1903,140,BAL,65
1903,140,BOS,91
1903,140,CHW,60
1903,140,CLE,77
1903,140,DET,65
1903,140,HOU,
1903,140,KCR,
1903,140,ANA,
1903,140,MIL,
1903,140,MIN,43
1903,140,NYY,72
1903,140,OAK,75
1903,140,SEA,
1903,140,TBD,
1903,140,TEX,
1903,140,TOR,
1902,140,BLA,50
1902,140,BAL,78
1902,140,BOS,77
1902,140,CHW,74
1902,140,CLE,69
1902,140,DET,52
1902,140,HOU,
1902,140,KCR,
1902,140,ANA,
1902,140,MIL,
1902,140,MIN,61
1902,140,NYY,
1902,140,OAK,83
1902,140,SEA,
1902,140,TBD,
1902,140,TEX,
1902,140,TOR,
1901,140,BLA,68
1901,140,BAL,48
1901,140,BOS,79
1901,140,CHW,83
1901,140,CLE,54
1901,140,DET,74
1901,140,HOU,
1901,140,KCR,
1901,140,ANA,
1901,140,MIL,
1901,140,MIN,61
1901,140,NYY,
1901,140,OAK,74
1901,140,SEA,
1901,140,TBD,
1901,140,TEX,
1901,140,TOR,
2014,162,ARI,64
2014,162,ATL,79
2014,162,CHC,73
2014,162,CIN,76
2014,162,COL,66
2014,162,HOU,
2014,162,LAD,94
2014,162,FLA,77
2014,162,MIL,82
2014,162,NYM,79
2014,162,PHI,73
2014,162,PIT,88
2014,162,SDP,77
2014,162,SFG,88
2014,162,STL,90
2014,162,WSN,96
2013,162,ARI,81
2013,162,ATL,96
2013,162,CHC,66
2013,162,CIN,90
2013,162,COL,74
2013,162,HOU,
2013,162,LAD,92
2013,162,FLA,62
2013,162,MIL,74
2013,162,NYM,74
2013,162,PHI,73
2013,162,PIT,94
2013,162,SDP,76
2013,162,SFG,76
2013,162,STL,97
2013,162,WSN,86
2012,162,ARI,81
2012,162,ATL,94
2012,162,CHC,61
2012,162,CIN,97
2012,162,COL,64
2012,162,HOU,55
2012,162,LAD,86
2012,162,FLA,69
2012,162,MIL,83
2012,162,NYM,74
2012,162,PHI,81
2012,162,PIT,79
2012,162,SDP,76
2012,162,SFG,94
2012,162,STL,88
2012,162,WSN,98
2011,162,ARI,94
2011,162,ATL,89
2011,162,CHC,71
2011,162,CIN,79
2011,162,COL,73
2011,162,HOU,56
2011,162,LAD,82
2011,162,FLA,72
2011,162,MIL,96
2011,162,NYM,77
2011,162,PHI,102
2011,162,PIT,72
2011,162,SDP,71
2011,162,SFG,86
2011,162,STL,90
2011,162,WSN,80
2010,162,ARI,65
2010,162,ATL,91
2010,162,CHC,75
2010,162,CIN,91
2010,162,COL,83
2010,162,HOU,76
2010,162,LAD,80
2010,162,FLA,80
2010,162,MIL,77
2010,162,NYM,79
2010,162,PHI,97
2010,162,PIT,57
2010,162,SDP,90
2010,162,SFG,92
2010,162,STL,86
2010,162,WSN,69
2009,162,ARI,70
2009,162,ATL,86
2009,162,CHC,83
2009,162,CIN,78
2009,162,COL,92
2009,162,HOU,74
2009,162,LAD,95
2009,162,FLA,87
2009,162,MIL,80
2009,162,NYM,70
2009,162,PHI,93
2009,162,PIT,62
2009,162,SDP,75
2009,162,SFG,88
2009,162,STL,91
2009,162,WSN,59
2008,162,ARI,82
2008,162,ATL,72
2008,162,CHC,97
2008,162,CIN,74
2008,162,COL,74
2008,162,HOU,86
2008,162,LAD,84
2008,162,FLA,84
2008,162,MIL,90
2008,162,NYM,89
2008,162,PHI,92
2008,162,PIT,67
2008,162,SDP,63
2008,162,SFG,72
2008,162,STL,86
2008,162,WSN,59
2007,163,ARI,90
2007,163,ATL,84
2007,163,CHC,85
2007,163,CIN,72
2007,163,COL,90
2007,163,HOU,73
2007,163,LAD,82
2007,163,FLA,71
2007,163,MIL,83
2007,163,NYM,88
2007,163,PHI,89
2007,163,PIT,68
2007,163,SDP,89
2007,163,SFG,71
2007,163,STL,78
2007,163,WSN,73
2006,162,ARI,76
2006,162,ATL,79
2006,162,CHC,66
2006,162,CIN,80
2006,162,COL,76
2006,162,HOU,82
2006,162,LAD,88
2006,162,FLA,78
2006,162,MIL,75
2006,162,NYM,97
2006,162,PHI,85
2006,162,PIT,67
2006,162,SDP,88
2006,162,SFG,76
2006,162,STL,83
2006,162,WSN,71
2005,162,ARI,77
2005,162,ATL,90
2005,162,CHC,79
2005,162,CIN,73
2005,162,COL,67
2005,162,HOU,89
2005,162,LAD,71
2005,162,FLA,83
2005,162,MIL,81
2005,162,NYM,83
2005,162,PHI,88
2005,162,PIT,67
2005,162,SDP,82
2005,162,SFG,75
2005,162,STL,100
2005,162,WSN,81
2004,162,ARI,51
2004,162,ATL,96
2004,162,CHC,89
2004,162,CIN,76
2004,162,COL,68
2004,162,HOU,92
2004,162,LAD,93
2004,162,FLA,83
2004,162,MIL,67
2004,162,NYM,71
2004,162,PHI,86
2004,162,PIT,72
2004,162,SDP,87
2004,162,SFG,91
2004,162,STL,105
2004,162,WSN,67
2003,162,ARI,84
2003,162,ATL,101
2003,162,CHC,88
2003,162,CIN,69
2003,162,COL,74
2003,162,HOU,87
2003,162,LAD,85
2003,162,FLA,91
2003,162,MIL,68
2003,162,NYM,66
2003,162,PHI,86
2003,162,PIT,75
2003,162,SDP,64
2003,162,SFG,100
2003,162,STL,85
2003,162,WSN,83
2002,162,ARI,98
2002,162,ATL,101
2002,162,CHC,67
2002,162,CIN,78
2002,162,COL,73
2002,162,HOU,84
2002,162,LAD,92
2002,162,FLA,79
2002,162,MIL,56
2002,162,NYM,75
2002,162,PHI,80
2002,162,PIT,72
2002,162,SDP,66
2002,162,SFG,95
2002,162,STL,97
2002,162,WSN,83
2001,162,ARI,92
2001,162,ATL,88
2001,162,CHC,88
2001,162,CIN,66
2001,162,COL,73
2001,162,HOU,93
2001,162,LAD,86
2001,162,FLA,76
2001,162,MIL,68
2001,162,NYM,82
2001,162,PHI,86
2001,162,PIT,62
2001,162,SDP,79
2001,162,SFG,90
2001,162,STL,93
2001,162,WSN,68
2000,162,ARI,85
2000,162,ATL,95
2000,162,CHC,65
2000,162,CIN,85
2000,162,COL,82
2000,162,HOU,72
2000,162,LAD,86
2000,162,FLA,79
2000,162,MIL,73
2000,162,NYM,94
2000,162,PHI,65
2000,162,PIT,69
2000,162,SDP,76
2000,162,SFG,97
2000,162,STL,95
2000,162,WSN,67
1999,163,ARI,100
1999,163,ATL,103
1999,163,CHC,67
1999,163,CIN,96
1999,163,COL,72
1999,163,HOU,97
1999,163,LAD,77
1999,163,FLA,64
1999,163,MIL,74
1999,163,NYM,97
1999,163,PHI,77
1999,163,PIT,78
1999,163,SDP,74
1999,163,SFG,86
1999,163,STL,75
1999,163,WSN,68
1998,163,ARI,65
1998,163,ATL,106
1998,163,CHC,90
1998,163,CIN,77
1998,163,COL,77
1998,163,HOU,102
1998,163,LAD,83
1998,163,FLA,54
1998,163,MIL,74
1998,163,NYM,88
1998,163,PHI,75
1998,163,PIT,69
1998,163,SDP,98
1998,163,SFG,89
1998,163,STL,83
1998,163,WSN,65
1997,162,ARI,
1997,162,ATL,101
1997,162,CHC,68
1997,162,CIN,76
1997,162,COL,83
1997,162,HOU,84
1997,162,LAD,88
1997,162,FLA,92
1997,162,MIL,
1997,162,NYM,88
1997,162,PHI,68
1997,162,PIT,79
1997,162,SDP,76
1997,162,SFG,90
1997,162,STL,73
1997,162,WSN,78
1996,162,ARI,
1996,162,ATL,96
1996,162,CHC,76
1996,162,CIN,81
1996,162,COL,83
1996,162,HOU,82
1996,162,LAD,90
1996,162,FLA,80
1996,162,MIL,
1996,162,NYM,71
1996,162,PHI,67
1996,162,PIT,73
1996,162,SDP,91
1996,162,SFG,68
1996,162,STL,88
1996,162,WSN,88
1995,144,ARI,
1995,144,ATL,90
1995,144,CHC,73
1995,144,CIN,85
1995,144,COL,77
1995,144,HOU,76
1995,144,LAD,78
1995,144,FLA,67
1995,144,MIL,
1995,144,NYM,69
1995,144,PHI,69
1995,144,PIT,58
1995,144,SDP,70
1995,144,SFG,67
1995,144,STL,62
1995,144,WSN,66
1994,117,ARI,
1994,117,ATL,68
1994,117,CHC,49
1994,117,CIN,66
1994,117,COL,53
1994,117,HOU,66
1994,117,LAD,58
1994,117,FLA,51
1994,117,MIL,
1994,117,NYM,55
1994,117,PHI,54
1994,117,PIT,53
1994,117,SDP,47
1994,117,SFG,55
1994,117,STL,53
1994,117,WSN,74
1993,162,ARI,
1993,162,ATL,104
1993,162,CHC,84
1993,162,CIN,73
1993,162,COL,67
1993,162,HOU,85
1993,162,LAD,81
1993,162,FLA,64
1993,162,MIL,
1993,162,NYM,59
1993,162,PHI,97
1993,162,PIT,75
1993,162,SDP,61
1993,162,SFG,103
1993,162,STL,87
1993,162,WSN,94
1992,162,ARI,
1992,162,ATL,98
1992,162,CHC,78
1992,162,CIN,90
1992,162,COL,
1992,162,HOU,81
1992,162,LAD,63
1992,162,FLA,
1992,162,MIL,
1992,162,NYM,72
1992,162,PHI,70
1992,162,PIT,96
1992,162,SDP,82
1992,162,SFG,72
1992,162,STL,83
1992,162,WSN,87
1991,162,ARI,
1991,162,ATL,94
1991,162,CHC,77
1991,162,CIN,74
1991,162,COL,
1991,162,HOU,65
1991,162,LAD,93
1991,162,FLA,
1991,162,MIL,
1991,162,NYM,77
1991,162,PHI,78
1991,162,PIT,98
1991,162,SDP,84
1991,162,SFG,75
1991,162,STL,84
1991,162,WSN,71
1990,162,ARI,
1990,162,ATL,65
1990,162,CHC,77
1990,162,CIN,91
1990,162,COL,
1990,162,HOU,75
1990,162,LAD,86
1990,162,FLA,
1990,162,MIL,
1990,162,NYM,91
1990,162,PHI,77
1990,162,PIT,95
1990,162,SDP,75
1990,162,SFG,85
1990,162,STL,70
1990,162,WSN,85
1989,162,ARI,
1989,162,ATL,63
1989,162,CHC,93
1989,162,CIN,75
1989,162,COL,
1989,162,HOU,86
1989,162,LAD,77
1989,162,FLA,
1989,162,MIL,
1989,162,NYM,87
1989,162,PHI,67
1989,162,PIT,74
1989,162,SDP,89
1989,162,SFG,92
1989,162,STL,86
1989,162,WSN,81
1988,162,ARI,
1988,162,ATL,54
1988,162,CHC,77
1988,162,CIN,87
1988,162,COL,
1988,162,HOU,82
1988,162,LAD,94
1988,162,FLA,
1988,162,MIL,
1988,162,NYM,100
1988,162,PHI,65
1988,162,PIT,85
1988,162,SDP,83
1988,162,SFG,83
1988,162,STL,76
1988,162,WSN,81
1987,162,ARI,
1987,162,ATL,69
1987,162,CHC,76
1987,162,CIN,84
1987,162,COL,
1987,162,HOU,76
1987,162,LAD,73
1987,162,FLA,
1987,162,MIL,
1987,162,NYM,92
1987,162,PHI,80
1987,162,PIT,80
1987,162,SDP,65
1987,162,SFG,90
1987,162,STL,95
1987,162,WSN,91
1986,162,ARI,
1986,162,ATL,72
1986,162,CHC,70
1986,162,CIN,86
1986,162,COL,
1986,162,HOU,96
1986,162,LAD,73
1986,162,FLA,
1986,162,MIL,
1986,162,NYM,108
1986,162,PHI,86
1986,162,PIT,64
1986,162,SDP,74
1986,162,SFG,83
1986,162,STL,79
1986,162,WSN,78
1985,162,ARI,
1985,162,ATL,66
1985,162,CHC,77
1985,162,CIN,89
1985,162,COL,
1985,162,HOU,83
1985,162,LAD,95
1985,162,FLA,
1985,162,MIL,
1985,162,NYM,98
1985,162,PHI,75
1985,162,PIT,57
1985,162,SDP,83
1985,162,SFG,62
1985,162,STL,101
1985,162,WSN,84
1984,162,ARI,
1984,162,ATL,80
1984,162,CHC,96
1984,162,CIN,70
1984,162,COL,
1984,162,HOU,80
1984,162,LAD,79
1984,162,FLA,
1984,162,MIL,
1984,162,NYM,90
1984,162,PHI,81
1984,162,PIT,75
1984,162,SDP,92
1984,162,SFG,66
1984,162,STL,84
1984,162,WSN,78
1983,162,ARI,
1983,162,ATL,88
1983,162,CHC,71
1983,162,CIN,74
1983,162,COL,
1983,162,HOU,85
1983,162,LAD,91
1983,162,FLA,
1983,162,MIL,
1983,162,NYM,68
1983,162,PHI,90
1983,162,PIT,84
1983,162,SDP,81
1983,162,SFG,79
1983,162,STL,79
1983,162,WSN,82
1982,162,ARI,
1982,162,ATL,89
1982,162,CHC,73
1982,162,CIN,61
1982,162,COL,
1982,162,HOU,77
1982,162,LAD,88
1982,162,FLA,
1982,162,MIL,
1982,162,NYM,65
1982,162,PHI,89
1982,162,PIT,84
1982,162,SDP,81
1982,162,SFG,87
1982,162,STL,92
1982,162,WSN,86
1981,111,ARI,
1981,111,ATL,50
1981,111,CHC,38
1981,111,CIN,66
1981,111,COL,
1981,111,HOU,61
1981,111,LAD,63
1981,111,FLA,
1981,111,MIL,
1981,111,NYM,41
1981,111,PHI,59
1981,111,PIT,46
1981,111,SDP,41
1981,111,SFG,56
1981,111,STL,59
1981,111,WSN,60
1980,163,ARI,
1980,163,ATL,81
1980,163,CHC,64
1980,163,CIN,89
1980,163,COL,
1980,163,HOU,93
1980,163,LAD,92
1980,163,FLA,
1980,163,MIL,
1980,163,NYM,67
1980,163,PHI,91
1980,163,PIT,83
1980,163,SDP,73
1980,163,SFG,75
1980,163,STL,74
1980,163,WSN,90
1979,162,ARI,
1979,162,ATL,66
1979,162,CHC,80
1979,162,CIN,90
1979,162,COL,
1979,162,HOU,89
1979,162,LAD,79
1979,162,FLA,
1979,162,MIL,
1979,162,NYM,63
1979,162,PHI,84
1979,162,PIT,98
1979,162,SDP,68
1979,162,SFG,71
1979,162,STL,86
1979,162,WSN,95
1978,162,ARI,
1978,162,ATL,69
1978,162,CHC,79
1978,162,CIN,92
1978,162,COL,
1978,162,HOU,74
1978,162,LAD,95
1978,162,FLA,
1978,162,MIL,
1978,162,NYM,66
1978,162,PHI,90
1978,162,PIT,88
1978,162,SDP,84
1978,162,SFG,89
1978,162,STL,69
1978,162,WSN,76
1977,162,ARI,
1977,162,ATL,61
1977,162,CHC,81
1977,162,CIN,88
1977,162,COL,
1977,162,HOU,81
1977,162,LAD,98
1977,162,FLA,
1977,162,MIL,
1977,162,NYM,64
1977,162,PHI,101
1977,162,PIT,96
1977,162,SDP,69
1977,162,SFG,75
1977,162,STL,83
1977,162,WSN,75
1976,162,ARI,
1976,162,ATL,70
1976,162,CHC,75
1976,162,CIN,102
1976,162,COL,
1976,162,HOU,80
1976,162,LAD,92
1976,162,FLA,
1976,162,MIL,
1976,162,NYM,86
1976,162,PHI,101
1976,162,PIT,92
1976,162,SDP,73
1976,162,SFG,74
1976,162,STL,72
1976,162,WSN,55
1975,162,ARI,
1975,162,ATL,67
1975,162,CHC,75
1975,162,CIN,108
1975,162,COL,
1975,162,HOU,64
1975,162,LAD,88
1975,162,FLA,
1975,162,MIL,
1975,162,NYM,82
1975,162,PHI,86
1975,162,PIT,92
1975,162,SDP,71
1975,162,SFG,80
1975,162,STL,82
1975,162,WSN,75
1974,162,ARI,
1974,162,ATL,88
1974,162,CHC,66
1974,162,CIN,98
1974,162,COL,
1974,162,HOU,81
1974,162,LAD,102
1974,162,FLA,
1974,162,MIL,
1974,162,NYM,71
1974,162,PHI,80
1974,162,PIT,88
1974,162,SDP,60
1974,162,SFG,72
1974,162,STL,86
1974,162,WSN,79
1973,162,ARI,
1973,162,ATL,76
1973,162,CHC,77
1973,162,CIN,99
1973,162,COL,
1973,162,HOU,82
1973,162,LAD,95
1973,162,FLA,
1973,162,MIL,
1973,162,NYM,82
1973,162,PHI,71
1973,162,PIT,80
1973,162,SDP,60
1973,162,SFG,88
1973,162,STL,81
1973,162,WSN,79
1972,156,ARI,
1972,156,ATL,70
1972,156,CHC,85
1972,156,CIN,95
1972,156,COL,
1972,156,HOU,84
1972,156,LAD,85
1972,156,FLA,
1972,156,MIL,
1972,156,NYM,83
1972,156,PHI,59
1972,156,PIT,96
1972,156,SDP,58
1972,156,SFG,69
1972,156,STL,75
1972,156,WSN,70
1971,162,ARI,
1971,162,ATL,82
1971,162,CHC,83
1971,162,CIN,79
1971,162,COL,
1971,162,HOU,79
1971,162,LAD,89
1971,162,FLA,
1971,162,MIL,
1971,162,NYM,83
1971,162,PHI,67
1971,162,PIT,97
1971,162,SDP,61
1971,162,SFG,90
1971,162,STL,90
1971,162,WSN,71
1970,162,ARI,
1970,162,ATL,76
1970,162,CHC,84
1970,162,CIN,102
1970,162,COL,
1970,162,HOU,79
1970,162,LAD,87
1970,162,FLA,
1970,162,MIL,
1970,162,NYM,83
1970,162,PHI,73
1970,162,PIT,89
1970,162,SDP,63
1970,162,SFG,86
1970,162,STL,76
1970,162,WSN,73
1969,162,ARI,
1969,162,ATL,93
1969,162,CHC,92
1969,162,CIN,89
1969,162,COL,
1969,162,HOU,81
1969,162,LAD,85
1969,162,FLA,
1969,162,MIL,
1969,162,NYM,100
1969,162,PHI,63
1969,162,PIT,88
1969,162,SDP,52
1969,162,SFG,90
1969,162,STL,87
1969,162,WSN,52
1968,162,ARI,
1968,162,ATL,81
1968,162,CHC,84
1968,162,CIN,83
1968,162,COL,
1968,162,HOU,72
1968,162,LAD,76
1968,162,FLA,
1968,162,MIL,
1968,162,NYM,73
1968,162,PHI,76
1968,162,PIT,80
1968,162,SDP,
1968,162,SFG,88
1968,162,STL,97
1968,162,WSN,
1967,162,ARI,
1967,162,ATL,77
1967,162,CHC,87
1967,162,CIN,87
1967,162,COL,
1967,162,HOU,69
1967,162,LAD,73
1967,162,FLA,
1967,162,MIL,
1967,162,NYM,61
1967,162,PHI,82
1967,162,PIT,81
1967,162,SDP,
1967,162,SFG,91
1967,162,STL,101
1967,162,WSN,
1966,162,ARI,
1966,162,ATL,85
1966,162,CHC,59
1966,162,CIN,76
1966,162,COL,
1966,162,HOU,72
1966,162,LAD,95
1966,162,FLA,
1966,162,MIL,
1966,162,NYM,66
1966,162,PHI,87
1966,162,PIT,92
1966,162,SDP,
1966,162,SFG,93
1966,162,STL,83
1966,162,WSN,
1965,162,ARI,
1965,162,ATL,86
1965,162,CHC,72
1965,162,CIN,89
1965,162,COL,
1965,162,HOU,65
1965,162,LAD,97
1965,162,FLA,
1965,162,MIL,
1965,162,NYM,50
1965,162,PHI,85
1965,162,PIT,90
1965,162,SDP,
1965,162,SFG,95
1965,162,STL,80
1965,162,WSN,
1964,162,ARI,
1964,162,ATL,88
1964,162,CHC,76
1964,162,CIN,92
1964,162,COL,
1964,162,HOU,66
1964,162,LAD,80
1964,162,FLA,
1964,162,MIL,
1964,162,NYM,53
1964,162,PHI,92
1964,162,PIT,80
1964,162,SDP,
1964,162,SFG,90
1964,162,STL,93
1964,162,WSN,
1963,162,ARI,
1963,162,ATL,84
1963,162,CHC,82
1963,162,CIN,86
1963,162,COL,
1963,162,HOU,66
1963,162,LAD,99
1963,162,FLA,
1963,162,MIL,
1963,162,NYM,51
1963,162,PHI,87
1963,162,PIT,74
1963,162,SDP,
1963,162,SFG,88
1963,162,STL,93
1963,162,WSN,
1962,165,ARI,
1962,165,ATL,86
1962,165,CHC,59
1962,165,CIN,98
1962,165,COL,
1962,165,HOU,64
1962,165,LAD,102
1962,165,FLA,
1962,165,MIL,
1962,165,NYM,40
1962,165,PHI,81
1962,165,PIT,93
1962,165,SDP,
1962,165,SFG,103
1962,165,STL,84
1962,165,WSN,
1961,154,ARI,
1961,154,ATL,83
1961,154,CHC,64
1961,154,CIN,93
1961,154,COL,
1961,154,HOU,
1961,154,LAD,89
1961,154,FLA,
1961,154,MIL,
1961,154,NYM,
1961,154,PHI,47
1961,154,PIT,75
1961,154,SDP,
1961,154,SFG,85
1961,154,STL,80
1961,154,WSN,
1960,154,ARI,
1960,154,ATL,88
1960,154,CHC,60
1960,154,CIN,67
1960,154,COL,
1960,154,HOU,
1960,154,LAD,82
1960,154,FLA,
1960,154,MIL,
1960,154,NYM,
1960,154,PHI,59
1960,154,PIT,95
1960,154,SDP,
1960,154,SFG,79
1960,154,STL,86
1960,154,WSN,
1959,156,ARI,
1959,156,ATL,86
1959,156,CHC,74
1959,156,CIN,74
1959,156,COL,
1959,156,HOU,
1959,156,LAD,88
1959,156,FLA,
1959,156,MIL,
1959,156,NYM,
1959,156,PHI,64
1959,156,PIT,78
1959,156,SDP,
1959,156,SFG,83
1959,156,STL,71
1959,156,WSN,
1958,154,ARI,
1958,154,ATL,92
1958,154,CHC,72
1958,154,CIN,76
1958,154,COL,
1958,154,HOU,
1958,154,LAD,71
1958,154,FLA,
1958,154,MIL,
1958,154,NYM,
1958,154,PHI,69
1958,154,PIT,84
1958,154,SDP,
1958,154,SFG,80
1958,154,STL,72
1958,154,WSN,
1957,154,ARI,
1957,154,ATL,95
1957,154,CHC,62
1957,154,CIN,80
1957,154,COL,
1957,154,HOU,
1957,154,LAD,84
1957,154,FLA,
1957,154,MIL,
1957,154,NYM,
1957,154,PHI,77
1957,154,PIT,62
1957,154,SDP,
1957,154,SFG,69
1957,154,STL,87
1957,154,WSN,
1956,154,ARI,
1956,154,ATL,92
1956,154,CHC,60
1956,154,CIN,91
1956,154,COL,
1956,154,HOU,
1956,154,LAD,93
1956,154,FLA,
1956,154,MIL,
1956,154,NYM,
1956,154,PHI,71
1956,154,PIT,66
1956,154,SDP,
1956,154,SFG,67
1956,154,STL,76
1956,154,WSN,
1955,154,ARI,
1955,154,ATL,85
1955,154,CHC,72
1955,154,CIN,75
1955,154,COL,
1955,154,HOU,
1955,154,LAD,98
1955,154,FLA,
1955,154,MIL,
1955,154,NYM,
1955,154,PHI,77
1955,154,PIT,60
1955,154,SDP,
1955,154,SFG,80
1955,154,STL,68
1955,154,WSN,
1954,154,ARI,
1954,154,ATL,89
1954,154,CHC,64
1954,154,CIN,74
1954,154,COL,
1954,154,HOU,
1954,154,LAD,92
1954,154,FLA,
1954,154,MIL,
1954,154,NYM,
1954,154,PHI,75
1954,154,PIT,53
1954,154,SDP,
1954,154,SFG,97
1954,154,STL,72
1954,154,WSN,
1953,154,ARI,
1953,154,ATL,92
1953,154,CHC,65
1953,154,CIN,68
1953,154,COL,
1953,154,HOU,
1953,154,LAD,105
1953,154,FLA,
1953,154,MIL,
1953,154,NYM,
1953,154,PHI,83
1953,154,PIT,50
1953,154,SDP,
1953,154,SFG,70
1953,154,STL,83
1953,154,WSN,
1952,154,ARI,
1952,154,ATL,64
1952,154,CHC,77
1952,154,CIN,69
1952,154,COL,
1952,154,HOU,
1952,154,LAD,96
1952,154,FLA,
1952,154,MIL,
1952,154,NYM,
1952,154,PHI,87
1952,154,PIT,42
1952,154,SDP,
1952,154,SFG,92
1952,154,STL,88
1952,154,WSN,
1951,157,ARI,
1951,157,ATL,76
1951,157,CHC,62
1951,157,CIN,68
1951,157,COL,
1951,157,HOU,
1951,157,LAD,97
1951,157,FLA,
1951,157,MIL,
1951,157,NYM,
1951,157,PHI,73
1951,157,PIT,64
1951,157,SDP,
1951,157,SFG,98
1951,157,STL,81
1951,157,WSN,
1950,154,ARI,
1950,154,ATL,83
1950,154,CHC,64
1950,154,CIN,66
1950,154,COL,
1950,154,HOU,
1950,154,LAD,89
1950,154,FLA,
1950,154,MIL,
1950,154,NYM,
1950,154,PHI,91
1950,154,PIT,57
1950,154,SDP,
1950,154,SFG,86
1950,154,STL,78
1950,154,WSN,
1949,154,ARI,
1949,154,ATL,75
1949,154,CHC,61
1949,154,CIN,62
1949,154,COL,
1949,154,HOU,
1949,154,LAD,97
1949,154,FLA,
1949,154,MIL,
1949,154,NYM,
1949,154,PHI,81
1949,154,PIT,71
1949,154,SDP,
1949,154,SFG,73
1949,154,STL,96
1949,154,WSN,
1948,154,ARI,
1948,154,ATL,91
1948,154,CHC,64
1948,154,CIN,64
1948,154,COL,
1948,154,HOU,
1948,154,LAD,84
1948,154,FLA,
1948,154,MIL,
1948,154,NYM,
1948,154,PHI,66
1948,154,PIT,83
1948,154,SDP,
1948,154,SFG,78
1948,154,STL,85
1948,154,WSN,
1947,154,ARI,
1947,154,ATL,86
1947,154,CHC,69
1947,154,CIN,73
1947,154,COL,
1947,154,HOU,
1947,154,LAD,94
1947,154,FLA,
1947,154,MIL,
1947,154,NYM,
1947,154,PHI,62
1947,154,PIT,62
1947,154,SDP,
1947,154,SFG,81
1947,154,STL,89
1947,154,WSN,
1946,156,ARI,
1946,156,ATL,81
1946,156,CHC,82
1946,156,CIN,67
1946,156,COL,
1946,156,HOU,
1946,156,LAD,96
1946,156,FLA,
1946,156,MIL,
1946,156,NYM,
1946,156,PHI,69
1946,156,PIT,63
1946,156,SDP,
1946,156,SFG,61
1946,156,STL,98
1946,156,WSN,
1945,154,ARI,
1945,154,ATL,67
1945,154,CHC,98
1945,154,CIN,61
1945,154,COL,
1945,154,HOU,
1945,154,LAD,87
1945,154,FLA,
1945,154,MIL,
1945,154,NYM,
1945,154,PHI,46
1945,154,PIT,82
1945,154,SDP,
1945,154,SFG,78
1945,154,STL,95
1945,154,WSN,
1944,154,ARI,
1944,154,ATL,65
1944,154,CHC,75
1944,154,CIN,89
1944,154,COL,
1944,154,HOU,
1944,154,LAD,63
1944,154,FLA,
1944,154,MIL,
1944,154,NYM,
1944,154,PHI,61
1944,154,PIT,90
1944,154,SDP,
1944,154,SFG,67
1944,154,STL,105
1944,154,WSN,
1943,154,ARI,
1943,154,ATL,68
1943,154,CHC,74
1943,154,CIN,87
1943,154,COL,
1943,154,HOU,
1943,154,LAD,81
1943,154,FLA,
1943,154,MIL,
1943,154,NYM,
1943,154,PHI,64
1943,154,PIT,80
1943,154,SDP,
1943,154,SFG,55
1943,154,STL,105
1943,154,WSN,
1942,154,ARI,
1942,154,ATL,59
1942,154,CHC,68
1942,154,CIN,76
1942,154,COL,
1942,154,HOU,
1942,154,LAD,104
1942,154,FLA,
1942,154,MIL,
1942,154,NYM,
1942,154,PHI,42
1942,154,PIT,66
1942,154,SDP,
1942,154,SFG,85
1942,154,STL,106
1942,154,WSN,
1941,154,ARI,
1941,154,ATL,62
1941,154,CHC,70
1941,154,CIN,88
1941,154,COL,
1941,154,HOU,
1941,154,LAD,100
1941,154,FLA,
1941,154,MIL,
1941,154,NYM,
1941,154,PHI,43
1941,154,PIT,81
1941,154,SDP,
1941,154,SFG,74
1941,154,STL,97
1941,154,WSN,
1940,154,ARI,
1940,154,ATL,65
1940,154,CHC,75
1940,154,CIN,100
1940,154,COL,
1940,154,HOU,
1940,154,LAD,88
1940,154,FLA,
1940,154,MIL,
1940,154,NYM,
1940,154,PHI,50
1940,154,PIT,78
1940,154,SDP,
1940,154,SFG,72
1940,154,STL,84
1940,154,WSN,
1939,154,ARI,
1939,154,ATL,63
1939,154,CHC,84
1939,154,CIN,97
1939,154,COL,
1939,154,HOU,
1939,154,LAD,84
1939,154,FLA,
1939,154,MIL,
1939,154,NYM,
1939,154,PHI,45
1939,154,PIT,68
1939,154,SDP,
1939,154,SFG,77
1939,154,STL,92
1939,154,WSN,
1938,152,ARI,
1938,152,ATL,77
1938,152,CHC,89
1938,152,CIN,82
1938,152,COL,
1938,152,HOU,
1938,152,LAD,69
1938,152,FLA,
1938,152,MIL,
1938,152,NYM,
1938,152,PHI,45
1938,152,PIT,86
1938,152,SDP,
1938,152,SFG,83
1938,152,STL,71
1938,152,WSN,
1937,154,ARI,
1937,154,ATL,79
1937,154,CHC,93
1937,154,CIN,56
1937,154,COL,
1937,154,HOU,
1937,154,LAD,62
1937,154,FLA,
1937,154,MIL,
1937,154,NYM,
1937,154,PHI,61
1937,154,PIT,86
1937,154,SDP,
1937,154,SFG,95
1937,154,STL,81
1937,154,WSN,
1936,154,ARI,
1936,154,ATL,71
1936,154,CHC,87
1936,154,CIN,74
1936,154,COL,
1936,154,HOU,
1936,154,LAD,67
1936,154,FLA,
1936,154,MIL,
1936,154,NYM,
1936,154,PHI,54
1936,154,PIT,84
1936,154,SDP,
1936,154,SFG,92
1936,154,STL,87
1936,154,WSN,
1935,154,ARI,
1935,154,ATL,38
1935,154,CHC,100
1935,154,CIN,68
1935,154,COL,
1935,154,HOU,
1935,154,LAD,70
1935,154,FLA,
1935,154,MIL,
1935,154,NYM,
1935,154,PHI,64
1935,154,PIT,86
1935,154,SDP,
1935,154,SFG,91
1935,154,STL,96
1935,154,WSN,
1934,153,ARI,
1934,153,ATL,78
1934,153,CHC,86
1934,153,CIN,52
1934,153,COL,
1934,153,HOU,
1934,153,LAD,71
1934,153,FLA,
1934,153,MIL,
1934,153,NYM,
1934,153,PHI,56
1934,153,PIT,74
1934,153,SDP,
1934,153,SFG,93
1934,153,STL,95
1934,153,WSN,
1933,154,ARI,
1933,154,ATL,83
1933,154,CHC,86
1933,154,CIN,58
1933,154,COL,
1933,154,HOU,
1933,154,LAD,65
1933,154,FLA,
1933,154,MIL,
1933,154,NYM,
1933,154,PHI,60
1933,154,PIT,87
1933,154,SDP,
1933,154,SFG,91
1933,154,STL,82
1933,154,WSN,
1932,154,ARI,
1932,154,ATL,77
1932,154,CHC,90
1932,154,CIN,60
1932,154,COL,
1932,154,HOU,
1932,154,LAD,81
1932,154,FLA,
1932,154,MIL,
1932,154,NYM,
1932,154,PHI,78
1932,154,PIT,86
1932,154,SDP,
1932,154,SFG,72
1932,154,STL,72
1932,154,WSN,
1931,154,ARI,
1931,154,ATL,64
1931,154,CHC,84
1931,154,CIN,58
1931,154,COL,
1931,154,HOU,
1931,154,LAD,79
1931,154,FLA,
1931,154,MIL,
1931,154,NYM,
1931,154,PHI,66
1931,154,PIT,75
1931,154,SDP,
1931,154,SFG,87
1931,154,STL,101
1931,154,WSN,
1930,154,ARI,
1930,154,ATL,70
1930,154,CHC,90
1930,154,CIN,59
1930,154,COL,
1930,154,HOU,
1930,154,LAD,86
1930,154,FLA,
1930,154,MIL,
1930,154,NYM,
1930,154,PHI,52
1930,154,PIT,80
1930,154,SDP,
1930,154,SFG,87
1930,154,STL,92
1930,154,WSN,
1929,154,ARI,
1929,154,ATL,56
1929,154,CHC,98
1929,154,CIN,66
1929,154,COL,
1929,154,HOU,
1929,154,LAD,70
1929,154,FLA,
1929,154,MIL,
1929,154,NYM,
1929,154,PHI,71
1929,154,PIT,88
1929,154,SDP,
1929,154,SFG,84
1929,154,STL,78
1929,154,WSN,
1928,154,ARI,
1928,154,ATL,50
1928,154,CHC,91
1928,154,CIN,78
1928,154,COL,
1928,154,HOU,
1928,154,LAD,77
1928,154,FLA,
1928,154,MIL,
1928,154,NYM,
1928,154,PHI,43
1928,154,PIT,85
1928,154,SDP,
1928,154,SFG,93
1928,154,STL,95
1928,154,WSN,
1927,154,ARI,
1927,154,ATL,60
1927,154,CHC,85
1927,154,CIN,75
1927,154,COL,
1927,154,HOU,
1927,154,LAD,65
1927,154,FLA,
1927,154,MIL,
1927,154,NYM,
1927,154,PHI,51
1927,154,PIT,94
1927,154,SDP,
1927,154,SFG,92
1927,154,STL,92
1927,154,WSN,
1926,154,ARI,
1926,154,ATL,66
1926,154,CHC,82
1926,154,CIN,87
1926,154,COL,
1926,154,HOU,
1926,154,LAD,71
1926,154,FLA,
1926,154,MIL,
1926,154,NYM,
1926,154,PHI,58
1926,154,PIT,84
1926,154,SDP,
1926,154,SFG,74
1926,154,STL,89
1926,154,WSN,
1925,154,ARI,
1925,154,ATL,70
1925,154,CHC,68
1925,154,CIN,80
1925,154,COL,
1925,154,HOU,
1925,154,LAD,68
1925,154,FLA,
1925,154,MIL,
1925,154,NYM,
1925,154,PHI,68
1925,154,PIT,95
1925,154,SDP,
1925,154,SFG,86
1925,154,STL,77
1925,154,WSN,
1924,154,ARI,
1924,154,ATL,53
1924,154,CHC,81
1924,154,CIN,83
1924,154,COL,
1924,154,HOU,
1924,154,LAD,92
1924,154,FLA,
1924,154,MIL,
1924,154,NYM,
1924,154,PHI,55
1924,154,PIT,90
1924,154,SDP,
1924,154,SFG,93
1924,154,STL,65
1924,154,WSN,
1923,154,ARI,
1923,154,ATL,54
1923,154,CHC,83
1923,154,CIN,91
1923,154,COL,
1923,154,HOU,
1923,154,LAD,76
1923,154,FLA,
1923,154,MIL,
1923,154,NYM,
1923,154,PHI,50
1923,154,PIT,87
1923,154,SDP,
1923,154,SFG,95
1923,154,STL,79
1923,154,WSN,
1922,154,ARI,
1922,154,ATL,53
1922,154,CHC,80
1922,154,CIN,86
1922,154,COL,
1922,154,HOU,
1922,154,LAD,76
1922,154,FLA,
1922,154,MIL,
1922,154,NYM,
1922,154,PHI,57
1922,154,PIT,85
1922,154,SDP,
1922,154,SFG,93
1922,154,STL,85
1922,154,WSN,
1921,154,ARI,
1921,154,ATL,79
1921,154,CHC,64
1921,154,CIN,70
1921,154,COL,
1921,154,HOU,
1921,154,LAD,77
1921,154,FLA,
1921,154,MIL,
1921,154,NYM,
1921,154,PHI,51
1921,154,PIT,90
1921,154,SDP,
1921,154,SFG,94
1921,154,STL,87
1921,154,WSN,
1920,154,ARI,
1920,154,ATL,62
1920,154,CHC,75
1920,154,CIN,82
1920,154,COL,
1920,154,HOU,
1920,154,LAD,93
1920,154,FLA,
1920,154,MIL,
1920,154,NYM,
1920,154,PHI,62
1920,154,PIT,79
1920,154,SDP,
1920,154,SFG,86
1920,154,STL,75
1920,154,WSN,
1919,140,ARI,
1919,140,ATL,57
1919,140,CHC,75
1919,140,CIN,96
1919,140,COL,
1919,140,HOU,
1919,140,LAD,69
1919,140,FLA,
1919,140,MIL,
1919,140,NYM,
1919,140,PHI,47
1919,140,PIT,71
1919,140,SDP,
1919,140,SFG,87
1919,140,STL,54
1919,140,WSN,
1918,129,ARI,
1918,129,ATL,53
1918,129,CHC,84
1918,129,CIN,68
1918,129,COL,
1918,129,HOU,
1918,129,LAD,57
1918,129,FLA,
1918,129,MIL,
1918,129,NYM,
1918,129,PHI,55
1918,129,PIT,65
1918,129,SDP,
1918,129,SFG,71
1918,129,STL,51
1918,129,WSN,
1917,154,ARI,
1917,154,ATL,72
1917,154,CHC,74
1917,154,CIN,78
1917,154,COL,
1917,154,HOU,
1917,154,LAD,70
1917,154,FLA,
1917,154,MIL,
1917,154,NYM,
1917,154,PHI,87
1917,154,PIT,51
1917,154,SDP,
1917,154,SFG,98
1917,154,STL,82
1917,154,WSN,
1916,154,ARI,
1916,154,ATL,89
1916,154,CHC,67
1916,154,CIN,60
1916,154,COL,
1916,154,HOU,
1916,154,LAD,94
1916,154,FLA,
1916,154,MIL,
1916,154,NYM,
1916,154,PHI,91
1916,154,PIT,65
1916,154,SDP,
1916,154,SFG,86
1916,154,STL,60
1916,154,WSN,
1915,154,ARI,
1915,154,ATL,83
1915,154,CHC,73
1915,154,CIN,71
1915,154,COL,
1915,154,HOU,
1915,154,LAD,80
1915,154,FLA,
1915,154,MIL,
1915,154,NYM,
1915,154,PHI,90
1915,154,PIT,73
1915,154,SDP,
1915,154,SFG,69
1915,154,STL,72
1915,154,WSN,
1914,154,ARI,
1914,154,ATL,94
1914,154,CHC,78
1914,154,CIN,60
1914,154,COL,
1914,154,HOU,
1914,154,LAD,75
1914,154,FLA,
1914,154,MIL,
1914,154,NYM,
1914,154,PHI,74
1914,154,PIT,69
1914,154,SDP,
1914,154,SFG,84
1914,154,STL,81
1914,154,WSN,
1913,153,ARI,
1913,153,ATL,69
1913,153,CHC,88
1913,153,CIN,64
1913,153,COL,
1913,153,HOU,
1913,153,LAD,65
1913,153,FLA,
1913,153,MIL,
1913,153,NYM,
1913,153,PHI,88
1913,153,PIT,78
1913,153,SDP,
1913,153,SFG,101
1913,153,STL,51
1913,153,WSN,
1912,153,ARI,
1912,153,ATL,52
1912,153,CHC,91
1912,153,CIN,75
1912,153,COL,
1912,153,HOU,
1912,153,LAD,58
1912,153,FLA,
1912,153,MIL,
1912,153,NYM,
1912,153,PHI,73
1912,153,PIT,93
1912,153,SDP,
1912,153,SFG,103
1912,153,STL,63
1912,153,WSN,
1911,154,ARI,
1911,154,ATL,44
1911,154,CHC,92
1911,154,CIN,70
1911,154,COL,
1911,154,HOU,
1911,154,LAD,64
1911,154,FLA,
1911,154,MIL,
1911,154,NYM,
1911,154,PHI,79
1911,154,PIT,85
1911,154,SDP,
1911,154,SFG,99
1911,154,STL,75
1911,154,WSN,
1910,154,ARI,
1910,154,ATL,53
1910,154,CHC,104
1910,154,CIN,75
1910,154,COL,
1910,154,HOU,
1910,154,LAD,64
1910,154,FLA,
1910,154,MIL,
1910,154,NYM,
1910,154,PHI,78
1910,154,PIT,86
1910,154,SDP,
1910,154,SFG,91
1910,154,STL,63
1910,154,WSN,
1909,153,ARI,
1909,153,ATL,45
1909,153,CHC,104
1909,153,CIN,77
1909,153,COL,
1909,153,HOU,
1909,153,LAD,55
1909,153,FLA,
1909,153,MIL,
1909,153,NYM,
1909,153,PHI,74
1909,153,PIT,110
1909,153,SDP,
1909,153,SFG,92
1909,153,STL,54
1909,153,WSN,
1908,154,ARI,
1908,154,ATL,63
1908,154,CHC,99
1908,154,CIN,73
1908,154,COL,
1908,154,HOU,
1908,154,LAD,53
1908,154,FLA,
1908,154,MIL,
1908,154,NYM,
1908,154,PHI,83
1908,154,PIT,98
1908,154,SDP,
1908,154,SFG,98
1908,154,STL,49
1908,154,WSN,
1907,154,ARI,
1907,154,ATL,58
1907,154,CHC,107
1907,154,CIN,66
1907,154,COL,
1907,154,HOU,
1907,154,LAD,65
1907,154,FLA,
1907,154,MIL,
1907,154,NYM,
1907,154,PHI,83
1907,154,PIT,91
1907,154,SDP,
1907,154,SFG,82
1907,154,STL,52
1907,154,WSN,
1906,153,ARI,
1906,153,ATL,49
1906,153,CHC,116
1906,153,CIN,64
1906,153,COL,
1906,153,HOU,
1906,153,LAD,66
1906,153,FLA,
1906,153,MIL,
1906,153,NYM,
1906,153,PHI,71
1906,153,PIT,93
1906,153,SDP,
1906,153,SFG,96
1906,153,STL,52
1906,153,WSN,
1905,154,ARI,
1905,154,ATL,51
1905,154,CHC,92
1905,154,CIN,79
1905,154,COL,
1905,154,HOU,
1905,154,LAD,48
1905,154,FLA,
1905,154,MIL,
1905,154,NYM,
1905,154,PHI,83
1905,154,PIT,96
1905,154,SDP,
1905,154,SFG,105
1905,154,STL,58
1905,154,WSN,
1904,154,ARI,
1904,154,ATL,55
1904,154,CHC,93
1904,154,CIN,88
1904,154,COL,
1904,154,HOU,
1904,154,LAD,56
1904,154,FLA,
1904,154,MIL,
1904,154,NYM,
1904,154,PHI,52
1904,154,PIT,87
1904,154,SDP,
1904,154,SFG,106
1904,154,STL,75
1904,154,WSN,
1903,140,ARI,
1903,140,ATL,58
1903,140,CHC,82
1903,140,CIN,74
1903,140,COL,
1903,140,HOU,
1903,140,LAD,70
1903,140,FLA,
1903,140,MIL,
1903,140,NYM,
1903,140,PHI,49
1903,140,PIT,91
1903,140,SDP,
1903,140,SFG,84
1903,140,STL,43
1903,140,WSN,
1902,140,ARI,
1902,140,ATL,73
1902,140,CHC,68
1902,140,CIN,70
1902,140,COL,
1902,140,HOU,
1902,140,LAD,75
1902,140,FLA,
1902,140,MIL,
1902,140,NYM,
1902,140,PHI,56
1902,140,PIT,103
1902,140,SDP,
1902,140,SFG,48
1902,140,STL,56
1902,140,WSN,
1901,140,ARI,
1901,140,ATL,69
1901,140,CHC,53
1901,140,CIN,52
1901,140,COL,
1901,140,HOU,
1901,140,LAD,79
1901,140,FLA,
1901,140,MIL,
1901,140,NYM,
1901,140,PHI,83
1901,140,PIT,90
1901,140,SDP,
1901,140,SFG,52
1901,140,STL,76
1901,140,WSN,
