
Rk,Year,Tm,Lg,G,W,L,Ties,W-L%,pythW-L%,Finish,GB,Playoffs,R,RA,BatAge,PAge,#Bat,#P,Top Player,Managers
1,2014,Arizona Diamondbacks,NL West,162,64,98,0,.395,.415,5th of 5,30.0,,615,742,27.6,28.0,52,25,P.Goldschmidt (4.5),K.Gibson (63-96) and A.Trammell (1-2)
2,2013,Arizona Diamondbacks,NL West,162,81,81,0,.500,.493,2nd of 5,11.0,,685,695,28.1,27.6,44,23,P.Goldschmidt (7.3),K.Gibson (81-81)
3,2012,Arizona Diamondbacks,NL West,162,81,81,0,.500,.530,3rd of 5,13.0,,734,688,28.3,27.4,48,23,A.Hill (5.0),K.Gibson (81-81)
4,2011,Arizona Diamondbacks,NL West,162,94,68,0,.580,.545,1st of 5,--,Lost LDS (3-2),731,662,28.2,27.4,51,25,J.Upton (6.1),K.Gibson (94-68)
5,2010,Arizona Diamondbacks,NL West,162,65,97,0,.401,.428,5th of 5,27.0,,713,836,26.8,27.9,48,28,C.Young (5.4),A.Hinch (31-48) and K.Gibson (34-49)
6,2009,Arizona Diamondbacks,NL West,162,70,92,0,.432,.462,5th of 5,25.0,,720,782,26.5,27.7,45,24,D.Haren (7.1),B.Melvin (12-17) and A.Hinch (58-75)
7,2008,Arizona Diamondbacks,NL West,162,82,80,0,.506,.509,2nd of 5,2.0,,720,706,26.7,29.4,41,20,D.Haren (6.6),B.Melvin (82-80)
8,2007,Arizona Diamondbacks,NL West,162,90,72,0,.556,.487,1st of 5,--,Lost NLCS (4-0),712,732,26.6,28.2,47,26,B.Webb (5.9),B.Melvin (90-72)
9,2006,Arizona Diamondbacks,NL West,162,76,86,0,.469,.491,4th of 5,12.0,,773,788,29.6,28.8,45,25,B.Webb (7.0),B.Melvin (76-86)
10,2005,Arizona Diamondbacks,NL West,162,77,85,0,.475,.406,2nd of 5,5.0,,696,856,30.3,27.4,43,25,C.Counsell (5.5),B.Melvin (77-85)
11,2004,Arizona Diamondbacks,NL West,162,51,111,0,.315,.333,5th of 5,42.0,,615,899,28.9,29.3,52,25,R.Johnson (8.3),B.Brenly (29-50) and A.Pedrique (22-61)
12,2003,Arizona Diamondbacks,NL West,162,84,78,0,.519,.521,3rd of 5,16.5,,717,685,30.6,29.2,43,22,B.Webb (5.9),B.Brenly (84-78)
13,2002,Arizona Diamondbacks,NL West,162,98,64,0,.605,.588,1st of 5,--,Lost LDS (3-0),819,674,31.7,31.7,42,20,R.Johnson (10.7),B.Brenly (98-64)
14,2001,Arizona Diamondbacks,NL West,162,92,70,0,.568,.586,1st of 5,--,Won WS (4-3),818,677,31.9,30.9,47,22,R.Johnson (9.4),B.Brenly (92-70)
15,2000,Arizona Diamondbacks,NL West,162,85,77,0,.525,.522,3rd of 5,12.0,,792,754,30.8,31.6,41,17,R.Johnson (8.1),B.Showalter (85-77)
16,1999,Arizona Diamondbacks,NL West,162,100,62,0,.617,.632,1st of 5,--,Lost LDS (3-1),908,676,30.0,30.6,43,20,R.Johnson (8.8),B.Showalter (100-62)
17,1998,Arizona Diamondbacks,NL West,162,65,97,0,.401,.410,5th of 5,33.0,,665,812,27.8,27.4,46,25,O.Daal (4.1),B.Showalter (65-97)