
Rk,Year,Tm,Lg,G,W,L,Ties,W-L%,pythW-L%,Finish,GB,Playoffs,R,RA,BatAge,PAge,#Bat,#P,Top Player,Managers
1,2014,St. Louis Cardinals,NL Central,162,90,72,0,.556,.512,1st of 5,--,Lost NLCS (4-1),619,603,28.6,27.2,46,24,A.Wainwright (6.4),M.Matheny (90-72)
2,2013,St. Louis Cardinals,NL Central,162,97,65,0,.599,.622,1st of 5,--,Lost WS (4-2),783,596,28.7,26.9,44,25,A.Wainwright (6.5),M.Matheny (97-65)
3,2012,St. Louis Cardinals,NL Central,162,88,74,0,.543,.575,2nd of 6,9.0,Lost NLCS (4-3),765,648,29.2,28.6,45,24,Y.Molina (6.9),M.Matheny (88-74)
4,2011,St. Louis Cardinals,NL Central,162,90,72,0,.556,.544,2nd of 6,6.0,Won WS (4-3),762,692,29.3,30.2,46,24,A.Pujols (5.3),T.La Russa (90-72)
5,2010,St. Louis Cardinals,NL Central,162,86,76,0,.531,.563,2nd of 6,5.0,,736,641,28.8,30.2,42,22,A.Pujols (7.5),T.La Russa (86-76)
6,2009,St. Louis Cardinals,NL Central,162,91,71,0,.562,.560,1st of 6,--,Lost LDS (3-0),730,640,28.5,30.1,42,20,A.Pujols (9.7),T.La Russa (91-71)
7,2008,St. Louis Cardinals,NL Central,162,86,76,0,.531,.533,4th of 6,11.5,,779,725,28.8,30.2,43,24,A.Pujols (9.2),T.La Russa (86-76)
8,2007,St. Louis Cardinals,NL Central,162,78,84,0,.481,.439,3rd of 6,7.0,,725,829,30.2,29.6,45,25,A.Pujols (8.7),T.La Russa (78-84)
9,2006,St. Louis Cardinals,NL Central,161,83,78,0,.516,.511,1st of 6,--,Won WS (4-1),781,762,29.6,28.6,41,19,A.Pujols (8.4),T.La Russa (83-78)
10,2005,St. Louis Cardinals,NL Central,162,100,62,0,.617,.608,1st of 6,--,Lost NLCS (4-2),805,634,30.8,29.7,40,20,A.Pujols (8.4),T.La Russa (100-62)
11,2004,St. Louis Cardinals,NL Central,162,105,57,0,.648,.617,1st of 6,--,Lost WS (4-0),855,659,30.6,30.1,37,20,S.Rolen (9.1),T.La Russa (105-57)
12,2003,St. Louis Cardinals,NL Central,162,85,77,0,.525,.544,3rd of 6,3.0,,876,796,29.9,31.2,42,24,A.Pujols (8.6),T.La Russa (85-77)
13,2002,St. Louis Cardinals,NL Central,162,97,65,0,.599,.588,1st of 6,--,Lost NLCS (4-1),787,648,29.0,30.2,44,26,J.Edmonds (6.7),T.La Russa (97-65)
14,2001,St. Louis Cardinals,NL Central,162,93,69,0,.574,.579,2nd of 6,--,Lost LDS (3-2),814,684,28.8,29.3,40,21,A.Pujols (6.6),T.La Russa (93-69)
15,2000,St. Louis Cardinals,NL Central,162,95,67,0,.586,.564,1st of 6,--,Lost NLCS (4-1),887,771,29.7,29.3,46,24,J.Edmonds (6.3),T.La Russa (95-67)
16,1999,St. Louis Cardinals,NL Central,161,75,86,0,.466,.484,4th of 6,21.5,,809,838,28.7,28.6,42,22,M.McGwire (5.2),T.La Russa (75-86)
17,1998,St. Louis Cardinals,NL Central,163,83,79,1,.512,.516,3rd of 6,19.0,,810,782,30.5,28.9,45,23,M.McGwire (7.5),T.La Russa (83-79)
18,1997,St. Louis Cardinals,NL Central,162,73,89,0,.451,.488,4th of 5,11.0,,689,708,30.0,29.5,51,25,R.Lankford (5.2),T.La Russa (73-89)
19,1996,St. Louis Cardinals,NL Central,162,88,74,0,.543,.533,1st of 5,--,Lost NLCS (4-3),759,706,30.7,30.9,38,18,B.Jordan (5.4),T.La Russa (88-74)
20,1995,St. Louis Cardinals,NL Central,143,62,81,0,.434,.429,4th of 5,22.5,,563,658,28.7,30.1,46,21,B.Jordan (5.1),J.Torre (20-27) and M.Jorgensen (42-54)
21,1994,St. Louis Cardinals,NL Central,115,53,61,1,.465,.432,3rd of 5,13.0,,535,621,28.9,29.2,37,18,M.Whiten (3.1),J.Torre (53-61)
22,1993,St. Louis Cardinals,NL East,162,87,75,0,.537,.509,3rd of 7,10.0,,758,744,28.0,28.5,39,18,G.Jefferies (5.1),J.Torre (87-75)
23,1992,St. Louis Cardinals,NL East,162,83,79,0,.512,.520,3rd of 6,13.0,,631,604,28.6,28.7,39,15,B.Tewksbury (6.3),J.Torre (83-79)
24,1991,St. Louis Cardinals,NL East,162,84,78,0,.519,.502,2nd of 6,14.0,,651,648,28.5,29.4,36,18,O.Smith (5.0),J.Torre (84-78)
25,1990,St. Louis Cardinals,NL East,162,70,92,0,.432,.430,6th of 6,25.0,,599,698,29.4,29.8,43,22,W.McGee (4.4),W.Herzog (33-47) R.Schoendienst (13-11) and J.Torre (24-34)
26,1989,St. Louis Cardinals,NL East,164,86,76,2,.531,.518,3rd of 6,7.0,,632,608,29.3,28.2,33,15,O.Smith (7.3),W.Herzog (86-76)
27,1988,St. Louis Cardinals,NL East,162,76,86,0,.469,.459,5th of 6,25.0,,578,633,28.1,28.9,41,19,O.Smith (6.6),W.Herzog (76-86)
28,1987,St. Louis Cardinals,NL East,162,95,67,0,.586,.564,1st of 6,--,Lost WS (4-3),798,693,28.1,27.9,39,18,O.Smith (6.4),W.Herzog (95-67)
29,1986,St. Louis Cardinals,NL East,161,79,82,0,.491,.492,3rd of 6,28.5,,601,611,27.4,28.6,38,17,O.Smith (5.6),W.Herzog (79-82)
30,1985,St. Louis Cardinals,NL East,162,101,61,0,.623,.620,1st of 6,--,Lost WS (4-3),747,572,27.7,29.0,37,16,J.Tudor (8.3),W.Herzog (101-61)
31,1984,St. Louis Cardinals,NL East,162,84,78,0,.519,.505,3rd of 6,12.5,,652,645,28.2,27.0,41,17,O.Smith (5.0),W.Herzog (84-78)
32,1983,St. Louis Cardinals,NL East,162,79,83,0,.488,.480,4th of 6,11.0,,679,710,27.5,27.7,42,18,D.Porter (3.9),W.Herzog (79-83)
33,1982,St. Louis Cardinals,NL East,162,92,70,0,.568,.554,1st of 6,--,Won WS (4-3),685,609,27.8,28.7,33,14,L.Smith (6.1),W.Herzog (92-70)
34,1981,St. Louis Cardinals,NL East,103,59,43,1,.578,.549,1st of 6,--,,464,417,27.5,27.9,35,16,K.Hernandez (4.2),W.Herzog (59-43)
35,1980,St. Louis Cardinals,NL East,162,74,88,0,.457,.518,4th of 6,17.0,,738,710,27.3,27.8,42,21,K.Hernandez (6.6),K.Boyer (18-33) J.Krol (0-1) W.Herzog (38-35) and R.Schoendienst (18-19)
36,1979,St. Louis Cardinals,NL East,163,86,76,1,.531,.524,3rd of 6,12.0,,731,693,27.4,26.4,37,16,K.Hernandez (7.6),K.Boyer (86-76)
37,1978,St. Louis Cardinals,NL East,162,69,93,0,.426,.459,5th of 6,21.0,,600,657,26.9,25.3,39,16,J.Denny (5.6),V.Rapp (6-11) J.Krol (1-1) and K.Boyer (62-81)
38,1977,St. Louis Cardinals,NL East,162,83,79,0,.512,.531,3rd of 6,18.0,,737,688,26.3,25.7,40,15,T.Simmons (5.2),V.Rapp (83-79)
39,1976,St. Louis Cardinals,NL East,162,72,90,0,.444,.470,5th of 6,29.0,,629,671,27.2,25.1,40,16,J.Denny (5.2),R.Schoendienst (72-90)
40,1975,St. Louis Cardinals,NL East,163,82,80,1,.506,.482,3rd of 6,10.5,,662,689,28.2,26.6,44,19,B.Forsch (6.8),R.Schoendienst (82-80)
41,1974,St. Louis Cardinals,NL East,161,86,75,0,.534,.524,2nd of 6,1.5,,677,643,27.8,28.9,43,16,R.Smith (5.5),R.Schoendienst (86-75)
42,1973,St. Louis Cardinals,NL East,162,81,81,0,.500,.529,2nd of 6,1.5,,643,603,27.0,28.6,46,19,T.Simmons (5.5),R.Schoendienst (81-81)
43,1972,St. Louis Cardinals,NL East,156,75,81,0,.481,.475,4th of 6,21.5,,568,600,27.6,27.9,47,22,B.Gibson (7.7),R.Schoendienst (75-81)
44,1971,St. Louis Cardinals,NL East,163,90,72,1,.556,.525,2nd of 6,7.0,,739,699,28.5,27.1,43,23,J.Torre (5.9),R.Schoendienst (90-72)
45,1970,St. Louis Cardinals,NL East,162,76,86,0,.469,.498,4th of 6,13.0,,744,747,27.7,26.4,47,22,B.Gibson (10.1),R.Schoendienst (76-86)
46,1969,St. Louis Cardinals,NL East,162,87,75,0,.537,.544,4th of 6,13.0,,595,540,29.1,27.9,42,20,B.Gibson (11.3),R.Schoendienst (87-75)
47,1968,St. Louis Cardinals,NL,162,97,65,0,.599,.595,1st of 10,--,Lost WS (4-3),583,472,28.7,27.0,32,13,B.Gibson (11.9),R.Schoendienst (97-65)
48,1967,St. Louis Cardinals,NL,161,101,60,0,.627,.600,1st of 10,--,Won WS (4-3),695,557,27.8,26.9,31,13,O.Cepeda (6.8),R.Schoendienst (101-60)
49,1966,St. Louis Cardinals,NL,162,83,79,0,.512,.495,6th of 10,12.0,,571,577,26.8,27.5,37,18,B.Gibson (6.5),R.Schoendienst (83-79)
50,1965,St. Louis Cardinals,NL,162,80,81,1,.497,.522,7th of 10,16.5,,707,674,28.4,28.9,35,15,B.Gibson (7.6),R.Schoendienst (80-81)
51,1964,St. Louis Cardinals,NL,162,93,69,0,.574,.542,1st of 10,--,Won WS (4-3),715,652,27.9,29.2,38,18,K.Boyer (6.1),J.Keane (93-69)
52,1963,St. Louis Cardinals,NL,162,93,69,0,.574,.579,2nd of 10,6.0,,747,628,28.8,29.1,42,15,D.Groat (7.1),J.Keane (93-69)
53,1962,St. Louis Cardinals,NL,163,84,78,1,.519,.570,6th of 10,17.5,,774,664,28.2,27.7,37,15,B.Gibson (6.4),J.Keane (84-78)
54,1961,St. Louis Cardinals,NL,155,80,74,1,.519,.523,5th of 8,13.0,,703,668,28.4,26.2,40,13,K.Boyer (7.9),S.Hemus (33-41) and J.Keane (47-33)
55,1960,St. Louis Cardinals,NL,155,86,68,1,.558,.517,3rd of 8,9.0,,639,616,28.7,25.7,47,16,E.Broglio (7.7),S.Hemus (86-68)
56,1959,St. Louis Cardinals,NL,154,71,83,0,.461,.444,7th of 8,16.0,,641,725,28.2,26.0,49,22,K.Boyer (7.4),S.Hemus (71-83)
57,1958,St. Louis Cardinals,NL,154,72,82,0,.468,.441,5th of 8,20.0,,619,704,27.6,28.7,42,20,K.Boyer (6.0),F.Hutchinson (69-75) and S.Hack (3-7)
58,1957,St. Louis Cardinals,NL,154,87,67,0,.565,.546,2nd of 8,8.0,,737,666,28.4,27.5,39,19,S.Musial (6.1),F.Hutchinson (87-67)
59,1956,St. Louis Cardinals,NL,156,76,78,2,.494,.487,4th of 8,17.0,,678,698,28.7,28.8,46,19,K.Boyer (6.4),F.Hutchinson (76-78)
60,1955,St. Louis Cardinals,NL,154,68,86,0,.442,.433,7th of 8,30.5,,654,757,28.1,27.2,40,20,S.Musial (6.1),E.Stanky (17-19) and H.Walker (51-67)
61,1954,St. Louis Cardinals,NL,154,72,82,0,.468,.505,6th of 8,25.0,,799,790,28.2,30.0,36,18,S.Musial (6.9),E.Stanky (72-82)
62,1953,St. Louis Cardinals,NL,157,83,71,3,.539,.534,3rd of 8,22.0,,768,713,29.2,28.3,41,16,S.Musial (7.8),E.Stanky (83-71)
63,1952,St. Louis Cardinals,NL,154,88,66,0,.571,.533,3rd of 8,8.5,,677,630,30.4,28.1,41,20,S.Musial (8.0),E.Stanky (88-66)
64,1951,St. Louis Cardinals,NL,155,81,73,1,.526,.508,3rd of 8,15.5,,683,671,29.5,29.5,45,18,S.Musial (9.1),M.Marion (81-73)
65,1950,St. Louis Cardinals,NL,153,78,75,0,.510,.515,5th of 8,12.5,,693,670,29.1,31.0,40,15,S.Musial (7.3),E.Dyer (78-75)
66,1949,St. Louis Cardinals,NL,157,96,58,3,.623,.598,2nd of 8,1.0,,766,616,28.0,31.0,37,14,S.Musial (9.2),E.Dyer (96-58)
67,1948,St. Louis Cardinals,NL,155,85,69,1,.552,.563,2nd of 8,6.5,,742,646,28.8,30.2,37,14,S.Musial (11.1),E.Dyer (85-69)
68,1947,St. Louis Cardinals,NL,156,89,65,2,.578,.594,2nd of 8,5.0,,780,634,27.9,29.2,30,12,W.Kurowski (5.9),E.Dyer (89-65)
69,1946,St. Louis Cardinals,NL,156,98,58,0,.628,.620,1st of 8,--,Won WS (4-3),712,545,27.2,29.1,37,15,S.Musial (8.6),E.Dyer (98-58)
70,1945,St. Louis Cardinals,NL,155,95,59,1,.617,.617,2nd of 8,3.0,,756,582,28.0,28.5,37,15,W.Kurowski (4.8),B.Southworth (95-59)
71,1944,St. Louis Cardinals,NL,157,105,49,3,.682,.697,1st of 8,--,Won WS (4-2),772,490,27.5,28.1,27,12,S.Musial (8.8),B.Southworth (105-49)
72,1943,St. Louis Cardinals,NL,157,105,49,3,.682,.658,1st of 8,--,Lost WS (4-1),679,475,26.4,27.6,28,11,S.Musial (9.4),B.Southworth (105-49)
73,1942,St. Louis Cardinals,NL,156,106,48,2,.688,.696,1st of 8,--,Won WS (4-1),755,480,26.4,26.9,32,13,M.Cooper (8.4),B.Southworth (106-48)
74,1941,St. Louis Cardinals,NL,155,97,56,2,.634,.599,2nd of 8,2.5,,734,589,27.3,27.7,38,16,E.White (5.5),B.Southworth (97-56)
75,1940,St. Louis Cardinals,NL,156,84,69,3,.549,.530,3rd of 8,16.0,,747,699,27.0,28.8,38,16,J.Mize (7.4),R.Blades (14-24) M.Gonzalez (1-5) and B.Southworth (69-40)
76,1939,St. Louis Cardinals,NL,155,92,61,2,.601,.594,2nd of 8,4.5,,779,633,27.1,29.4,36,15,J.Mize (7.9),R.Blades (92-61)
77,1938,St. Louis Cardinals,NL,156,71,80,5,.470,.502,6th of 8,17.5,,725,722,26.2,28.3,35,16,J.Mize (6.8),F.Frisch (63-72) and M.Gonzalez (8-8)
78,1937,St. Louis Cardinals,NL,157,81,73,3,.526,.534,4th of 8,15.0,,789,733,26.6,29.4,33,17,J.Medwick (8.5),F.Frisch (81-73)
79,1936,St. Louis Cardinals,NL,155,87,67,1,.565,.501,2nd of 8,5.0,,795,794,28.1,29.0,38,18,D.Dean (7.2),F.Frisch (87-67)
80,1935,St. Louis Cardinals,NL,154,96,58,0,.623,.626,2nd of 8,4.0,,829,625,28.4,28.4,36,17,D.Dean (7.1),F.Frisch (96-58)
81,1934,St. Louis Cardinals,NL,154,95,58,1,.621,.589,1st of 8,--,Won WS (4-3),799,656,28.5,28.2,31,14,D.Dean (9.1),F.Frisch (95-58)
82,1933,St. Louis Cardinals,NL,154,82,71,1,.536,.555,5th of 8,9.5,,687,609,29.8,29.4,33,12,D.Dean (5.7),G.Street (46-45) and F.Frisch (36-26)
83,1932,St. Louis Cardinals,NL,156,72,82,2,.468,.478,6th of 8,18.0,,684,717,29.5,27.4,42,15,D.Dean (6.6),G.Street (72-82)
84,1931,St. Louis Cardinals,NL,154,101,53,0,.656,.627,1st of 8,--,Won WS (4-3),815,614,30.0,30.4,31,9,C.Hafey (4.2),G.Street (101-53)
85,1930,St. Louis Cardinals,NL,154,92,62,0,.597,.611,1st of 8,--,Lost WS (4-2),1004,784,29.6,30.9,33,15,F.Frisch (4.7),G.Street (92-62)
86,1929,St. Louis Cardinals,NL,154,78,74,2,.513,.514,4th of 8,20.0,,831,806,28.4,32.3,32,15,C.Hafey (4.3),B.Southworth (43-45) G.Street (1-0) and B.McKechnie (34-29)
87,1928,St. Louis Cardinals,NL,154,95,59,0,.617,.607,1st of 8,--,Lost WS (4-0),807,636,28.9,32.1,31,11,B.Sherdel (5.9),B.McKechnie (95-59)
88,1927,St. Louis Cardinals,NL,153,92,61,0,.601,.557,2nd of 8,1.5,,754,665,27.8,31.4,34,14,F.Frisch (9.2),B.O'Farrell (92-61)
89,1926,St. Louis Cardinals,NL,156,89,65,2,.578,.585,1st of 8,--,Won WS (4-3),817,678,26.8,28.8,30,14,L.Bell (4.4),R.Hornsby (89-65)
90,1925,St. Louis Cardinals,NL,153,77,76,0,.503,.537,4th of 8,18.0,,828,764,27.0,27.8,34,13,R.Hornsby (10.2),B.Rickey (13-25) and R.Hornsby (64-51)
91,1924,St. Louis Cardinals,NL,154,65,89,0,.422,.494,6th of 8,28.5,,740,750,26.8,27.8,41,17,R.Hornsby (12.1),B.Rickey (65-89)
92,1923,St. Louis Cardinals,NL,154,79,74,1,.516,.509,5th of 8,16.0,,746,732,27.5,29.8,37,13,R.Hornsby (6.7),B.Rickey (79-74)
93,1922,St. Louis Cardinals,NL,154,85,69,0,.552,.524,3rd of 8,8.0,,863,819,28.1,29.0,36,16,R.Hornsby (10.0),B.Rickey (85-69)
94,1921,St. Louis Cardinals,NL,154,87,66,1,.569,.578,3rd of 8,7.0,,809,681,27.2,27.3,36,13,R.Hornsby (10.8),B.Rickey (87-66)
95,1920,St. Louis Cardinals,NL,155,75,79,1,.487,.495,5th of 8,18.0,,675,682,26.4,27.2,34,15,R.Hornsby (9.6),B.Rickey (75-79)
96,1919,St. Louis Cardinals,NL,138,54,83,1,.394,.420,7th of 8,40.5,,463,552,25.8,25.5,37,15,R.Hornsby (6.7),B.Rickey (54-83)
97,1918,St. Louis Cardinals,NL,131,51,78,2,.395,.432,8th of 8,33.0,,454,527,25.8,26.5,36,11,R.Hornsby (5.4),J.Hendricks (51-78)
98,1917,St. Louis Cardinals,NL,154,82,70,2,.539,.470,3rd of 8,15.0,,531,567,25.5,26.4,33,13,R.Hornsby (9.9),M.Huggins (82-70)
99,1916,St. Louis Cardinals,NL,153,60,93,0,.392,.375,7th of 8,33.5,,476,629,25.9,26.0,30,13,R.Hornsby (4.9),M.Huggins (60-93)
100,1915,St. Louis Cardinals,NL,157,72,81,4,.471,.492,6th of 8,18.5,,590,601,27.6,26.7,28,10,F.Snyder (4.2),M.Huggins (72-81)
101,1914,St. Louis Cardinals,NL,157,81,72,4,.529,.515,3rd of 8,13.0,,558,540,27.4,25.9,31,11,S.Sallee (5.6),M.Huggins (81-72)
102,1913,St. Louis Cardinals,NL,153,51,99,3,.340,.342,8th of 8,49.0,,528,755,27.9,24.9,40,17,S.Sallee (6.2),M.Huggins (51-99)
103,1912,St. Louis Cardinals,NL,153,63,90,0,.412,.396,6th of 8,41.0,,659,830,26.1,25.0,41,16,S.Sallee (5.5),R.Bresnahan (63-90)
104,1911,St. Louis Cardinals,NL,158,75,74,9,.503,.452,5th of 8,22.0,,671,745,26.2,24.1,38,18,E.Konetchy (5.1),R.Bresnahan (75-74)
105,1910,St. Louis Cardinals,NL,153,63,90,0,.412,.447,7th of 8,40.5,,639,718,26.4,25.3,36,21,E.Konetchy (5.1),R.Bresnahan (63-90)
106,1909,St. Louis Cardinals,NL,154,54,98,2,.355,.398,7th of 8,56.0,,583,731,26.5,24.1,35,14,E.Konetchy (4.8),R.Bresnahan (54-98)
107,1908,St. Louis Cardinals,NL,154,49,105,0,.318,.278,8th of 8,50.0,,372,626,26.5,25.4,30,11,B.Raymond (5.3),J.McCloskey (49-105)
108,1907,St. Louis Cardinals,NL,155,52,101,2,.340,.335,8th of 8,55.5,,419,610,26.1,26.9,30,11,E.Karger (6.9),J.McCloskey (52-101)
109,1906,St. Louis Cardinals,NL,154,52,98,4,.347,.385,7th of 8,63.0,,470,607,28.3,25.8,41,16,J.Taylor (3.7),J.McCloskey (52-98)
110,1905,St. Louis Cardinals,NL,154,58,96,0,.377,.359,6th of 8,47.5,,535,734,28.7,27.9,30,11,H.Smoot (3.3),K.Nichols (5-9) J.Burke (34-56) and S.Robison (19-31)
111,1904,St. Louis Cardinals,NL,155,75,79,1,.487,.505,5th of 8,31.5,,602,595,28.4,29.5,25,8,K.Nichols (7.5),K.Nichols (75-79)
112,1903,St. Louis Cardinals,NL,139,43,94,2,.314,.304,8th of 8,46.5,,505,795,27.5,25.3,32,17,M.Brown (2.7),P.Donovan (43-94)
113,1902,St. Louis Cardinals,NL,140,56,78,6,.418,.368,6th of 8,44.5,,517,695,28.4,25.1,27,11,M.O'Neill (4.0),P.Donovan (56-78)
114,1901,St. Louis Cardinals,NL,142,76,64,2,.543,.563,4th of 8,14.5,,792,689,28.8,25.0,25,12,B.Wallace (7.7),P.Donovan (76-64)
115,1900,St. Louis Cardinals,NL,142,65,75,2,.464,.498,5th of 8,19.0,,744,748,28.5,27.8,26,8,C.Young (7.3),P.Tebeau (42-50) and L.Heilbroner (23-25)
116,1899,St. Louis Perfectos,NL,155,84,67,4,.556,.547,5th of 12,18.5,,819,739,27.9,26.8,29,11,C.Young (8.4),P.Tebeau (84-67)
117,1898,St. Louis Browns,NL,154,39,111,4,.260,.291,12th of 12,63.5,,571,929,29.9,25.9,30,12,L.Cross (4.5),T.Hurst (39-111)
118,1897,St. Louis Browns,NL,132,29,102,1,.221,.247,12th of 12,63.5,,592,1088,27.9,26.7,28,12,M.Cross (3.5),T.Dowd (6-22) H.Nicol (8-32) B.Hallman (13-36) and C.Von Der Ahe (2-12)
119,1896,St. Louis Browns,NL,131,40,90,1,.308,.305,11th of 12,50.5,,593,929,27.2,26.6,21,7,T.Breitenstein (4.5),H.Diddlebock (7-10) A.Latham (0-3) C.Von Der Ahe (0-2) R.Connor (8-37) and T.Dowd (25-38)
120,1895,St. Louis Browns,NL,135,39,92,4,.298,.357,11th of 12,48.5,,752,1036,28.3,25.6,28,8,T.Breitenstein (7.3),A.Buckenberger (16-34) C.Von Der Ahe (1-0) J.Quinn (11-28) and L.Phelan (11-30)
121,1894,St. Louis Browns,NL,133,56,76,1,.424,.404,9th of 12,35.0,,771,953,27.4,24.3,25,8,T.Breitenstein (9.6),D.Miller (56-76)
122,1893,St. Louis Browns,NL,135,57,75,3,.432,.451,10th of 12,30.5,,745,829,26.4,24.2,29,8,T.Breitenstein (10.8),B.Watkins (57-75)
123,1892,St. Louis Browns,NL,155,56,94,5,.373,.378,11th of 12,46.0,,703,922,28.6,24.8,37,10,K.Gleason (6.0),J.Glasscock (1-3) C.Stricker (6-17) J.Crooks (27-33) G.Gore (6-9) and B.Caruthers (16-32)
124,1891,St. Louis Browns,AA,141,85,51,5,.625,.618,2nd of 9,8.5,,959,738,26.7,21.9,29,10,J.Stivetts (9.4),C.Comiskey (86-52)
125,1890,St. Louis Browns,AA,139,78,58,3,.574,.576,3rd of 9,12.0,,870,736,26.0,23.1,35,7,J.Stivetts (7.8),T.McCarthy (15-12) J.Kerins (9-8) C.Roseman (7-8) C.Campau (27-14) and J.Gerhardt (20-16)
126,1889,St. Louis Browns,AA,141,90,45,6,.667,.651,2nd of 8,2.0,,957,680,25.8,21.2,21,8,I.Chamberlain (9.4),C.Comiskey (90-45)
127,1888,St. Louis Browns,AA,137,92,43,2,.681,.697,1st of 8,--,Lost WS (6-4),789,501,25.6,20.0,18,7,S.King (15.8),C.Comiskey (92-43)
128,1887,St. Louis Browns,AA,138,95,40,3,.704,.674,1st of 8,--,Lost WS (10-5),1131,761,26.3,23.2,17,7,B.Caruthers (11.0),C.Comiskey (95-40)
129,1886,St. Louis Browns,AA,139,93,46,0,.669,.701,1st of 8,--,Won WS (4-2),944,592,26.2,24.6,16,6,B.Caruthers (11.9),C.Comiskey (93-46)
130,1885,St. Louis Browns,AA,112,79,33,0,.705,.669,1st of 8,--,Tied in WS (3-3-1),677,461,25.7,25.0,15,3,B.Caruthers (10.0),C.Comiskey (79-33)
131,1884,St. Louis Browns,AA,110,67,40,3,.626,.590,4th of 13,8.0,,658,539,25.8,27.0,23,6,A.Latham (4.3),J.Williams (51-33) and C.Comiskey (16-7)
132,1883,St. Louis Browns,AA,98,65,33,0,.663,.632,2nd of 8,1.0,,549,409,25.3,26.2,21,4,T.Mullane (6.5),T.Sullivan (53-26) and C.Comiskey (12-7)
133,1882,St. Louis Brown Stockings,AA,80,37,43,0,.463,.402,5th of 6,18.0,,399,496,26.4,26.7,22,10,J.McGinnis (2.3),N.Cuthbert (37-43)