
Rk,Year,Tm,Lg,G,W,L,Ties,W-L%,pythW-L%,Finish,GB,Playoffs,R,RA,BatAge,PAge,#Bat,#P,Top Player,Managers
1,2014,Chicago Cubs,NL Central,162,73,89,0,.451,.436,5th of 5,17.0,,614,707,26.8,28.0,48,27,J.Arrieta (5.6),R.Renteria (73-89)
2,2013,Chicago Cubs,NL Central,162,66,96,0,.407,.439,5th of 5,31.0,,602,689,27.9,28.7,56,31,T.Wood (5.1),D.Sveum (66-96)
3,2012,Chicago Cubs,NL Central,162,61,101,0,.377,.403,5th of 6,36.0,,613,759,27.8,27.9,53,30,D.Barney (4.6),D.Sveum (61-101)
4,2011,Chicago Cubs,NL Central,162,71,91,0,.438,.434,5th of 6,25.0,,654,756,29.3,29.4,42,22,S.Castro (3.0),M.Quade (71-91)
5,2010,Chicago Cubs,NL Central,162,75,87,0,.463,.448,5th of 6,16.0,,685,767,29.4,28.2,44,23,M.Byrd (3.7),L.Piniella (51-74) and M.Quade (24-13)
6,2009,Chicago Cubs,NL Central,161,83,78,0,.516,.523,2nd of 6,7.5,,707,672,29.9,28.4,45,24,D.Lee (5.4),L.Piniella (83-78)
7,2008,Chicago Cubs,NL Central,161,97,64,0,.602,.609,1st of 6,--,Lost LDS (3-0),855,671,30.1,28.9,42,23,R.Dempster (6.9),L.Piniella (97-64)
8,2007,Chicago Cubs,NL Central,162,85,77,0,.525,.539,1st of 6,--,Lost LDS (3-0),752,690,29.3,28.4,47,22,A.Ramirez (5.2),L.Piniella (85-77)
9,2006,Chicago Cubs,NL Central,162,66,96,0,.407,.431,6th of 6,17.5,,716,834,28.6,28.0,46,23,C.Zambrano (5.8),D.Baker (66-96)
10,2005,Chicago Cubs,NL Central,162,79,83,0,.488,.493,4th of 6,21.0,,703,714,29.7,28.2,46,22,D.Lee (7.7),D.Baker (79-83)
11,2004,Chicago Cubs,NL Central,162,89,73,0,.549,.578,3rd of 6,16.0,,789,665,30.1,29.1,43,19,C.Zambrano (7.3),D.Baker (89-73)
12,2003,Chicago Cubs,NL Central,162,88,74,0,.543,.527,1st of 6,--,Lost NLCS (4-3),724,683,31.3,28.2,42,17,M.Prior (8.0),D.Baker (88-74)
13,2002,Chicago Cubs,NL Central,162,67,95,0,.414,.467,5th of 6,30.0,,706,759,30.2,27.6,44,22,S.Sosa (5.7),D.Baylor (34-49) R.Lachemann (0-1) and B.Kimm (33-45)
14,2001,Chicago Cubs,NL Central,162,88,74,0,.543,.547,3rd of 6,5.0,,777,701,30.7,29.8,43,20,S.Sosa (10.3),D.Baylor (88-74)
15,2000,Chicago Cubs,NL Central,162,65,97,0,.401,.424,6th of 6,30.0,,764,904,30.8,28.4,51,24,S.Sosa (5.7),D.Baylor (65-97)
16,1999,Chicago Cubs,NL Central,162,67,95,0,.414,.406,6th of 6,30.0,,747,920,31.2,28.8,47,25,S.Sosa (4.8),J.Riggleman (67-95)
17,1998,Chicago Cubs,NL Central,163,90,73,0,.552,.522,2nd of 6,12.5,Lost LDS (3-0),831,792,30.1,28.8,47,24,S.Sosa (6.4),J.Riggleman (90-73)
18,1997,Chicago Cubs,NL Central,162,68,94,0,.420,.455,5th of 5,16.0,,687,759,29.4,28.2,42,21,M.Grace (4.2),J.Riggleman (68-94)
19,1996,Chicago Cubs,NL Central,162,76,86,0,.469,.501,4th of 5,12.0,,772,771,29.0,28.3,41,17,S.Sosa (5.4),J.Riggleman (76-86)
20,1995,Chicago Cubs,NL Central,144,73,71,0,.507,.515,3rd of 5,12.0,,693,671,28.3,27.8,43,21,S.Sosa (5.3),J.Riggleman (73-71)
21,1994,Chicago Cubs,NL Central,113,49,64,0,.434,.457,5th of 5,16.5,,500,549,28.2,28.3,35,18,S.Sosa (3.8),T.Trebelhorn (49-64)
22,1993,Chicago Cubs,NL East,163,84,78,1,.519,.499,4th of 7,13.0,,738,739,28.0,28.3,38,17,R.Wilkins (6.6),J.Lefebvre (84-78)
23,1992,Chicago Cubs,NL East,162,78,84,0,.481,.477,4th of 6,18.0,,593,624,28.3,27.2,41,17,G.Maddux (9.4),J.Lefebvre (78-84)
24,1991,Chicago Cubs,NL East,160,77,83,0,.481,.475,4th of 6,20.0,,695,734,28.9,27.5,39,19,R.Sandberg (7.0),D.Zimmer (18-19) J.Altobelli (0-1) and J.Essian (59-63)
25,1990,Chicago Cubs,NL East,162,77,85,0,.475,.448,4th of 6,18.0,,690,774,28.2,26.1,39,20,R.Sandberg (7.1),D.Zimmer (77-85)
26,1989,Chicago Cubs,NL East,162,93,69,0,.574,.554,1st of 6,--,Lost NLCS (4-1),702,623,27.7,27.2,36,15,R.Sandberg (6.1),D.Zimmer (93-69)
27,1988,Chicago Cubs,NL East,163,77,85,1,.475,.477,4th of 6,24.0,,660,694,27.6,27.1,39,18,G.Maddux (5.7),D.Zimmer (77-85)
28,1987,Chicago Cubs,NL East,161,76,85,0,.472,.451,6th of 6,18.5,,720,801,28.9,27.6,36,15,R.Sutcliffe (6.6),G.Michael (68-68) and F.Lucchesi (8-17)
29,1986,Chicago Cubs,NL East,160,70,90,0,.438,.437,5th of 6,37.0,,680,781,29.8,28.5,39,18,J.Davis (4.0),J.Frey (23-33) J.Vukovich (1-1) and G.Michael (46-56)
30,1985,Chicago Cubs,NL East,162,77,84,1,.478,.472,4th of 6,23.5,,686,729,30.2,28.4,40,20,R.Sandberg (5.8),J.Frey (77-84)
31,1984,Chicago Cubs,NL East,161,96,65,0,.596,.567,1st of 6,--,Lost NLCS (3-2),762,658,29.4,28.7,40,18,R.Sandberg (8.5),J.Frey (96-65)
32,1983,Chicago Cubs,NL East,162,71,91,0,.438,.488,5th of 6,19.0,,701,719,29.1,29.5,43,18,L.Smith (4.8),L.Elia (54-69) and C.Fox (17-22)
33,1982,Chicago Cubs,NL East,162,73,89,0,.451,.478,5th of 6,19.0,,676,709,28.7,29.9,37,15,L.Durham (4.6),L.Elia (73-89)
34,1981,Chicago Cubs,NL East,106,38,65,3,.369,.380,6th of 6,21.5,,370,483,28.2,28.1,39,15,M.Krukow (2.2),J.Amalfitano (38-65)
35,1980,Chicago Cubs,NL East,162,64,98,0,.395,.423,6th of 6,27.0,,614,728,28.9,28.0,34,12,R.Reuschel (5.6),P.Gomez (38-52) and J.Amalfitano (26-46)
36,1979,Chicago Cubs,NL East,162,80,82,0,.494,.499,5th of 6,18.0,,706,707,28.5,27.7,37,14,R.Reuschel (5.9),H.Franks (78-77) and J.Amalfitano (2-5)
37,1978,Chicago Cubs,NL East,162,79,83,0,.488,.461,3rd of 6,11.0,,664,724,27.7,27.5,39,14,R.Reuschel (5.4),H.Franks (79-83)
38,1977,Chicago Cubs,NL East,162,81,81,0,.500,.470,4th of 6,20.0,,692,739,27.7,26.9,35,16,R.Reuschel (9.6),H.Franks (81-81)
39,1976,Chicago Cubs,NL East,162,75,87,0,.463,.421,4th of 6,26.0,,611,728,27.2,27.8,39,18,R.Reuschel (5.4),J.Marshall (75-87)
40,1975,Chicago Cubs,NL East,162,75,87,0,.463,.432,5th of 6,17.5,,712,827,27.0,27.1,39,19,B.Madlock (4.9),J.Marshall (75-87)
41,1974,Chicago Cubs,NL East,162,66,96,0,.407,.405,6th of 6,22.0,,669,826,27.1,25.5,38,14,R.Reuschel (3.9),W.Lockman (41-52) and J.Marshall (25-44)
42,1973,Chicago Cubs,NL East,161,77,84,0,.478,.470,5th of 6,5.0,,614,655,30.2,27.6,36,12,R.Reuschel (5.4),W.Lockman (77-84)
43,1972,Chicago Cubs,NL East,156,85,70,1,.548,.586,2nd of 6,11.0,,685,567,30.0,28.7,41,15,B.Williams (6.1),L.Durocher (46-44) and W.Lockman (39-26)
44,1971,Chicago Cubs,NL East,162,83,79,0,.512,.492,3rd of 6,14.0,,637,648,30.2,28.7,42,15,F.Jenkins (11.9),L.Durocher (83-79)
45,1970,Chicago Cubs,NL East,162,84,78,0,.519,.578,2nd of 6,5.0,,806,679,30.0,27.7,43,18,F.Jenkins (6.8),L.Durocher (84-78)
46,1969,Chicago Cubs,NL East,163,92,70,1,.568,.575,2nd of 6,8.0,,720,611,29.1,27.6,41,17,B.Hands (7.9),L.Durocher (92-70)
47,1968,Chicago Cubs,NL,163,84,78,1,.519,.501,3rd of 10,13.0,,612,611,28.4,25.4,42,19,F.Jenkins (6.6),L.Durocher (84-78)
48,1967,Chicago Cubs,NL,162,87,74,1,.540,.554,3rd of 10,14.0,,702,624,27.5,25.1,43,21,R.Santo (9.8),L.Durocher (87-74)
49,1966,Chicago Cubs,NL,162,59,103,0,.364,.397,10th of 10,36.0,,644,809,26.6,26.9,49,23,R.Santo (8.9),L.Durocher (59-103)
50,1965,Chicago Cubs,NL,164,72,90,2,.444,.441,8th of 10,25.0,,635,723,27.9,29.7,40,15,B.Williams (7.7),B.Kennedy (24-32) and L.Klein (48-58)
51,1964,Chicago Cubs,NL,162,76,86,0,.469,.450,8th of 10,17.0,,649,724,27.3,30.0,43,21,R.Santo (8.9),B.Kennedy (76-86)
52,1963,Chicago Cubs,NL,162,82,80,0,.506,.494,7th of 10,17.0,,570,578,25.8,28.5,36,15,D.Ellsworth (9.9),B.Kennedy (82-80)
53,1962,Chicago Cubs,NL,162,59,103,0,.364,.379,9th of 10,42.5,,632,827,25.8,26.6,43,19,G.Altman (3.8),E.Tappe (4-16) L.Klein (12-18) and C.Metro (43-69)
54,1961,Chicago Cubs,NL,156,64,90,2,.416,.432,7th of 8,29.0,,689,800,27.2,25.1,37,12,D.Cardwell (5.9),V.Himsl (10-21) H.Craft (7-9) E.Tappe (42-54) and L.Klein (5-6)
55,1960,Chicago Cubs,NL,156,60,94,2,.390,.409,7th of 8,35.0,,634,776,28.1,24.5,47,17,E.Banks (7.8),C.Grimm (6-11) and L.Boudreau (54-83)
56,1959,Chicago Cubs,NL,155,74,80,1,.481,.490,5th of 8,13.0,,673,688,29.1,26.3,39,18,E.Banks (10.2),B.Scheffing (74-80)
57,1958,Chicago Cubs,NL,154,72,82,0,.468,.490,5th of 8,20.0,,709,725,28.5,25.1,46,20,E.Banks (9.4),B.Scheffing (72-82)
58,1957,Chicago Cubs,NL,156,62,92,2,.403,.437,7th of 8,33.0,,628,722,27.7,26.4,44,17,E.Banks (6.4),B.Scheffing (62-92)
59,1956,Chicago Cubs,NL,157,60,94,3,.390,.423,8th of 8,33.0,,597,708,28.4,28.8,37,16,E.Banks (5.3),S.Hack (60-94)
60,1955,Chicago Cubs,NL,154,72,81,1,.471,.441,6th of 8,26.0,,626,713,28.5,29.7,37,16,E.Banks (8.2),S.Hack (72-81)
61,1954,Chicago Cubs,NL,154,64,90,0,.416,.459,7th of 8,33.0,,700,766,29.5,28.2,38,16,B.Rush (5.9),S.Hack (64-90)
62,1953,Chicago Cubs,NL,155,65,89,1,.422,.376,7th of 8,40.0,,633,835,29.4,28.9,40,16,W.Hacker (3.8),P.Cavarretta (65-89)
63,1952,Chicago Cubs,NL,155,77,77,1,.500,.498,5th of 8,19.5,,628,631,28.6,28.2,35,14,H.Sauer (5.7),P.Cavarretta (77-77)
64,1951,Chicago Cubs,NL,155,62,92,1,.403,.409,8th of 8,34.5,,614,750,28.3,27.6,37,14,P.Minner (3.7),F.Frisch (35-45) and P.Cavarretta (27-47)
65,1950,Chicago Cubs,NL,154,64,89,1,.418,.417,7th of 8,26.5,,643,772,27.5,28.5,32,12,A.Pafko (6.6),F.Frisch (64-89)
66,1949,Chicago Cubs,NL,154,61,93,0,.396,.381,8th of 8,36.0,,593,773,28.8,29.7,40,15,H.Sauer (3.5),C.Grimm (19-31) and F.Frisch (42-62)
67,1948,Chicago Cubs,NL,155,64,90,1,.416,.425,8th of 8,27.5,,597,705,28.1,27.4,37,16,A.Pafko (6.2),C.Grimm (64-90)
68,1947,Chicago Cubs,NL,155,69,85,1,.448,.393,6th of 8,25.0,,569,722,30.1,29.1,36,15,B.Nicholson (3.5),C.Grimm (69-85)
69,1946,Chicago Cubs,NL,155,82,71,2,.536,.534,3rd of 8,14.5,,626,581,29.5,29.3,46,19,P.Cavarretta (5.1),C.Grimm (82-71)
70,1945,Chicago Cubs,NL,155,98,56,1,.636,.644,1st of 8,--,Lost WS (4-3),735,532,29.8,33.1,37,15,S.Hack (6.0),C.Grimm (98-56)
71,1944,Chicago Cubs,NL,157,75,79,3,.487,.522,4th of 8,30.0,,702,669,29.5,30.3,40,14,B.Nicholson (6.0),J.Wilson (1-9) R.Johnson (0-1) and C.Grimm (74-69)
72,1943,Chicago Cubs,NL,154,74,79,1,.484,.525,5th of 8,30.5,,632,599,28.1,30.3,40,15,B.Nicholson (6.9),J.Wilson (74-79)
73,1942,Chicago Cubs,NL,155,68,86,1,.442,.446,6th of 8,38.0,,591,665,26.9,28.9,39,18,B.Nicholson (5.8),J.Wilson (68-86)
74,1941,Chicago Cubs,NL,155,70,84,1,.455,.497,6th of 8,30.0,,666,670,26.6,30.1,41,18,S.Hack (5.6),J.Wilson (70-84)
75,1940,Chicago Cubs,NL,154,75,79,0,.487,.531,5th of 8,25.5,,681,636,28.9,29.7,29,11,C.Passeau (7.1),G.Hartnett (75-79)
76,1939,Chicago Cubs,NL,156,84,70,2,.545,.530,4th of 8,13.0,,724,678,29.0,31.7,29,13,C.Passeau (4.9),G.Hartnett (84-70)
77,1938,Chicago Cubs,NL,154,89,63,2,.586,.581,1st of 8,--,Lost WS (4-0),713,597,29.3,29.7,29,12,B.Lee (7.9),C.Grimm (45-36) and G.Hartnett (44-27)
78,1937,Chicago Cubs,NL,154,93,61,0,.604,.579,2nd of 8,3.0,,811,682,27.5,29.6,27,11,B.Herman (5.7),C.Grimm (93-61)
79,1936,Chicago Cubs,NL,154,87,67,0,.565,.601,2nd of 8,5.0,,755,603,27.1,27.9,26,10,B.Herman (6.8),C.Grimm (87-67)
80,1935,Chicago Cubs,NL,154,100,54,0,.649,.655,1st of 8,--,Lost WS (4-2),847,597,26.0,27.0,27,11,B.Herman (6.9),C.Grimm (100-54)
81,1934,Chicago Cubs,NL,152,86,65,1,.570,.545,3rd of 8,8.0,,705,639,28.6,28.5,29,11,L.Warneke (5.1),C.Grimm (86-65)
82,1933,Chicago Cubs,NL,154,86,68,0,.558,.585,3rd of 8,6.0,,646,536,28.7,29.4,29,11,L.Warneke (7.8),C.Grimm (86-68)
83,1932,Chicago Cubs,NL,154,90,64,0,.584,.559,1st of 8,--,Lost WS (4-0),720,633,28.8,30.6,31,13,L.Warneke (6.9),R.Hornsby (53-46) and C.Grimm (37-18)
84,1931,Chicago Cubs,NL,156,84,70,2,.545,.570,3rd of 8,17.0,,828,710,29.2,30.1,30,11,R.Hornsby (5.2),R.Hornsby (84-70)
85,1930,Chicago Cubs,NL,156,90,64,2,.584,.562,2nd of 8,2.0,,998,870,29.4,28.5,29,13,H.Wilson (7.4),J.McCarthy (86-64) and R.Hornsby (4-0)
86,1929,Chicago Cubs,NL,156,98,54,4,.645,.616,1st of 8,--,Lost WS (4-1),982,758,29.9,29.7,31,12,R.Hornsby (10.4),J.McCarthy (98-54)
87,1928,Chicago Cubs,NL,154,91,63,0,.591,.568,3rd of 8,4.0,,714,615,28.7,28.6,28,11,S.Blake (5.6),J.McCarthy (91-63)
88,1927,Chicago Cubs,NL,153,85,68,0,.556,.558,4th of 8,8.5,,750,661,28.0,27.3,34,14,H.Wilson (6.0),J.McCarthy (85-68)
89,1926,Chicago Cubs,NL,155,82,72,1,.532,.557,4th of 8,7.0,,682,602,27.7,26.4,32,12,H.Wilson (5.2),J.McCarthy (82-72)
90,1925,Chicago Cubs,NL,154,68,86,0,.442,.469,8th of 8,27.5,,723,773,27.5,28.2,40,13,P.Alexander (4.9),B.Killefer (33-42) R.Maranville (23-30) and G.Gibson (12-14)
91,1924,Chicago Cubs,NL,154,81,72,1,.529,.499,5th of 8,12.0,,698,699,25.6,27.5,32,12,G.Grantham (4.1),B.Killefer (81-72)
92,1923,Chicago Cubs,NL,154,83,71,0,.539,.533,4th of 8,12.5,,756,704,25.6,27.7,33,13,P.Alexander (5.2),B.Killefer (83-71)
93,1922,Chicago Cubs,NL,156,80,74,2,.519,.479,5th of 8,13.0,,771,808,26.8,26.0,36,13,R.Grimes (5.6),B.Killefer (80-74)
94,1921,Chicago Cubs,NL,153,64,89,0,.418,.434,7th of 8,30.0,,668,773,27.9,27.0,35,15,P.Alexander (5.4),J.Evers (41-55) and B.Killefer (23-34)
95,1920,Chicago Cubs,NL,154,75,79,0,.487,.488,5th of 8,18.0,,619,635,29.3,30.1,31,13,P.Alexander (12.8),F.Mitchell (75-79)
96,1919,Chicago Cubs,NL,140,75,65,0,.536,.550,3rd of 8,21.0,,454,407,28.5,29.0,29,10,P.Alexander (7.6),F.Mitchell (75-65)
97,1918,Chicago Cubs,NL,131,84,45,2,.651,.640,1st of 8,--,Lost WS (4-2),538,393,27.9,28.0,29,11,H.Vaughn (8.3),F.Mitchell (84-45)
98,1917,Chicago Cubs,NL,157,74,80,3,.481,.488,5th of 8,24.0,,552,567,27.6,27.5,37,12,H.Vaughn (6.7),F.Mitchell (74-80)
99,1916,Chicago Cubs,NL,156,67,86,3,.438,.482,5th of 8,26.5,,520,541,27.6,29.7,45,11,H.Vaughn (5.9),J.Tinker (67-86)
100,1915,Chicago Cubs,NL,156,73,80,3,.477,.462,4th of 8,17.5,,570,620,28.3,27.8,33,12,V.Saier (3.8),R.Bresnahan (73-80)
101,1914,Chicago Cubs,NL,156,78,76,2,.506,.476,4th of 8,16.5,,605,638,28.6,28.2,36,11,V.Saier (4.1),H.O'Day (78-76)
102,1913,Chicago Cubs,NL,155,88,65,2,.575,.561,3rd of 8,13.5,,720,630,29.0,28.6,39,15,L.Cheney (4.7),J.Evers (88-65)
103,1912,Chicago Cubs,NL,152,91,59,2,.607,.556,3rd of 8,11.5,,756,668,28.6,28.0,40,18,H.Zimmerman (7.0),F.Chance (91-59)
104,1911,Chicago Cubs,NL,157,92,62,3,.597,.600,2nd of 8,7.5,,757,607,28.2,28.5,35,17,F.Schulte (5.3),F.Chance (92-62)
105,1910,Chicago Cubs,NL,154,104,50,0,.675,.657,1st of 8,--,Lost WS (4-1),712,499,29.1,28.6,27,12,K.Cole (5.7),F.Chance (104-50)
106,1909,Chicago Cubs,NL,155,104,49,2,.680,.709,2nd of 8,6.5,,635,390,28.3,28.1,31,14,M.Brown (8.8),F.Chance (104-49)
107,1908,Chicago Cubs,NL,158,99,55,4,.643,.635,1st of 8,--,Won WS (4-1),624,461,28.7,28.7,26,10,M.Brown (8.1),F.Chance (99-55)
108,1907,Chicago Cubs,NL,155,107,45,3,.704,.670,1st of 8,--,Won WS (4-0),574,390,28.0,28.2,24,8,O.Overall (5.9),F.Chance (107-45)
109,1906,Chicago Cubs,NL,155,116,36,3,.763,.755,1st of 8,--,Lost WS (4-2),704,381,27.0,27.1,23,9,F.Chance (7.3),F.Chance (116-36)
110,1905,Chicago Cubs,NL,155,92,61,2,.601,.680,3rd of 8,13.0,,667,442,27.6,26.8,20,7,E.Reulbach (7.3),F.Selee (37-28) and F.Chance (55-33)
111,1904,Chicago Cubs,NL,156,93,60,3,.608,.565,2nd of 8,13.0,,597,517,27.5,27.0,28,7,F.Chance (5.9),F.Selee (93-60)
112,1903,Chicago Cubs,NL,139,82,56,1,.594,.568,3rd of 8,8.0,,695,599,27.0,28.0,27,10,F.Chance (5.7),F.Selee (82-56)
113,1902,Chicago Orphans,NL,141,68,69,4,.496,.534,5th of 8,34.0,,544,505,26.8,27.6,39,11,J.Taylor (10.2),F.Selee (68-69)
114,1901,Chicago Orphans,NL,140,53,86,1,.381,.414,6th of 8,37.0,,578,699,26.5,25.2,25,7,T.Hartsel (5.5),T.Loftus (53-86)
115,1900,Chicago Orphans,NL,146,65,75,6,.464,.424,6th of 8,19.0,,635,751,27.9,27.7,30,10,C.Griffith (5.0),T.Loftus (65-75)
116,1899,Chicago Orphans,NL,152,75,73,4,.507,.528,8th of 12,26.0,,812,763,27.2,26.0,25,9,C.Griffith (5.0),T.Burns (75-73)
117,1898,Chicago Orphans,NL,152,85,65,2,.567,.590,4th of 12,17.5,,828,679,27.7,25.1,25,12,C.Griffith (10.5),T.Burns (85-65)
118,1897,Chicago Colts,NL,138,59,73,6,.447,.467,9th of 12,34.0,,832,894,29.2,24.1,21,9,C.Griffith (5.0),C.Anson (59-73)
119,1896,Chicago Colts,NL,132,71,57,4,.555,.506,5th of 12,18.5,,815,804,29.3,24.9,22,8,B.Dahlen (7.1),C.Anson (71-57)
120,1895,Chicago Colts,NL,133,72,58,3,.554,.506,4th of 12,15.0,,866,854,28.8,28.6,24,10,C.Griffith (8.8),C.Anson (72-58)
121,1894,Chicago Colts,NL,135,57,75,3,.432,.490,8th of 12,34.0,,1056,1080,27.3,26.6,22,9,C.Griffith (5.8),C.Anson (57-75)
122,1893,Chicago Colts,NL,128,56,71,1,.441,.476,9th of 12,29.0,,829,874,26.5,25.3,31,15,W.McGill (5.5),C.Anson (56-71)
123,1892,Chicago Colts,NL,147,70,76,1,.479,.433,7th of 12,30.0,,635,735,27.0,27.6,21,7,B.Hutchinson (9.0),C.Anson (70-76)
124,1891,Chicago Colts,NL,137,82,53,2,.607,.560,2nd of 8,3.5,,832,730,28.2,26.1,21,7,B.Hutchinson (9.9),C.Anson (82-53)
125,1890,Chicago Colts,NL,139,83,53,3,.610,.591,2nd of 8,6.5,,847,692,27.4,25.4,27,9,B.Hutchinson (7.8),C.Anson (83-53)
126,1889,Chicago White Stockings,NL,136,67,65,4,.508,.529,3rd of 8,19.0,,867,814,27.2,24.1,19,7,C.Anson (6.4),C.Anson (67-65)
127,1888,Chicago White Stockings,NL,136,77,58,1,.570,.549,2nd of 8,9.0,,734,659,26.9,22.3,22,11,C.Anson (6.9),C.Anson (77-58)
128,1887,Chicago White Stockings,NL,127,71,50,6,.587,.558,3rd of 8,6.5,,813,716,26.7,23.7,19,10,J.Clarkson (15.1),C.Anson (71-50)
129,1886,Chicago White Stockings,NL,126,90,34,2,.726,.708,1st of 8,--,Lost WS (4-2),900,555,28.0,25.2,15,5,K.Kelly (7.3),C.Anson (90-34)
130,1885,Chicago White Stockings,NL,113,87,25,1,.777,.741,1st of 8,--,Tied in WS (3-3-1),834,470,27.5,24.0,19,7,J.Clarkson (13.0),C.Anson (87-25)
131,1884,Chicago White Stockings,NL,113,62,50,1,.554,.614,5th of 8,22.0,,834,647,26.7,24.5,21,14,L.Corcoran (6.6),C.Anson (62-50)
132,1883,Chicago White Stockings,NL,98,59,39,0,.602,.603,2nd of 8,4.0,,679,540,26.1,24.9,11,5,L.Corcoran (5.3),C.Anson (59-39)
133,1882,Chicago White Stockings,NL,84,55,29,0,.655,.728,1st of 8,--,,604,353,25.7,24.1,12,3,L.Corcoran (5.8),C.Anson (55-29)
134,1881,Chicago White Stockings,NL,84,56,28,0,.667,.663,1st of 8,--,,550,380,24.8,22.9,12,3,C.Anson (5.8),C.Anson (56-28)
135,1880,Chicago White Stockings,NL,86,67,17,2,.798,.725,1st of 8,--,,538,317,23.9,21.2,13,6,L.Corcoran (6.9),C.Anson (67-17)
136,1879,Chicago White Stockings,NL,83,46,33,4,.582,.528,4th of 8,10.5,,437,411,24.7,23.0,16,2,T.Larkin (4.9),C.Anson (41-21) and S.Flint (5-12)
137,1878,Chicago White Stockings,NL,61,30,30,1,.500,.552,4th of 6,11.0,,371,331,26.1,21.8,15,3,T.Larkin (5.5),B.Ferguson (30-30)
138,1877,Chicago White Stockings,NL,60,26,33,1,.441,.489,5th of 6,15.5,,366,375,25.4,24.2,18,5,G.Bradley (2.9),A.Spalding (26-33)
139,1876,Chicago White Stockings,NL,66,52,14,0,.788,.835,1st of 8,--,,624,257,25.9,25.1,11,5,A.Spalding (9.9),A.Spalding (52-14)