
Rk,Year,Tm,Lg,G,W,L,Ties,W-L%,pythW-L%,Finish,GB,Playoffs,R,RA,BatAge,PAge,#Bat,#P,Top Player,Managers
1,2014,New York Yankees,AL East,162,84,78,0,.519,.478,2nd of 5,12.0,,633,664,32.5,29.3,58,33,B.Gardner (4.0),J.Girardi (84-78)
2,2013,New York Yankees,AL East,162,85,77,0,.525,.485,3rd of 5,12.0,,650,671,31.8,31.8,56,24,R.Cano (7.6),J.Girardi (85-77)
3,2012,New York Yankees,AL East,162,95,67,0,.586,.584,1st of 5,--,Lost ALCS (4-0),804,668,32.7,30.3,45,23,R.Cano (8.4),J.Girardi (95-67)
4,2011,New York Yankees,AL East,162,97,65,0,.599,.624,1st of 5,--,Lost LDS (3-2),867,657,30.5,31.0,48,28,C.Sabathia (7.4),J.Girardi (97-65)
5,2010,New York Yankees,AL East,162,95,67,0,.586,.597,2nd of 5,1.0,Lost ALCS (4-2),859,693,30.2,30.3,43,21,R.Cano (8.1),J.Girardi (95-67)
6,2009,New York Yankees,AL East,162,103,59,0,.636,.588,1st of 5,--,Won WS (4-2),915,753,30.5,29.3,45,24,D.Jeter (6.5),J.Girardi (103-59)
7,2008,New York Yankees,AL East,162,89,73,0,.549,.537,3rd of 5,8.0,,789,727,31.3,30.6,51,27,A.Rodriguez (6.8),J.Girardi (89-73)
8,2007,New York Yankees,AL East,162,94,68,0,.580,.599,2nd of 5,2.0,Lost LDS (3-1),968,777,30.7,31.4,49,28,A.Rodriguez (9.4),J.Torre (94-68)
9,2006,New York Yankees,AL East,162,97,65,0,.599,.587,1st of 5,--,Lost LDS (3-1),930,767,30.9,32.5,49,25,C.Wang (6.0),J.Torre (97-65)
10,2005,New York Yankees,AL East,162,95,67,0,.586,.553,1st of 5,--,Lost LDS (3-2),886,789,32.4,34.2,51,28,A.Rodriguez (9.4),J.Torre (95-67)
11,2004,New York Yankees,AL East,162,101,61,0,.623,.548,1st of 5,--,Lost ALCS (4-3),897,808,32.3,32.9,43,23,A.Rodriguez (7.6),J.Torre (101-61)
12,2003,New York Yankees,AL East,163,101,61,1,.623,.592,1st of 5,--,Lost WS (4-2),877,716,30.5,33.6,49,23,M.Mussina (6.6),J.Torre (101-61)
13,2002,New York Yankees,AL East,161,103,58,0,.640,.613,1st of 5,--,Lost LDS (3-1),897,697,30.1,33.1,38,17,J.Giambi (7.1),J.Torre (103-58)
14,2001,New York Yankees,AL East,161,95,65,1,.594,.555,1st of 5,--,Lost WS (4-3),804,713,31.1,30.9,47,20,M.Mussina (7.1),J.Torre (95-65)
15,2000,New York Yankees,AL East,161,87,74,0,.540,.531,1st of 5,--,Won WS (4-1),871,814,31.3,32.0,46,22,J.Posada (5.5),J.Torre (87-74)
16,1999,New York Yankees,AL East,162,98,64,0,.605,.594,1st of 5,--,Won WS (4-0),900,731,30.9,31.2,39,18,D.Jeter (8.0),J.Torre (98-64)
17,1998,New York Yankees,AL East,162,114,48,0,.704,.670,1st of 5,--,Won WS (4-0),965,656,30.4,30.2,38,19,D.Jeter (7.5),J.Torre (114-48)
18,1997,New York Yankees,AL East,162,96,66,0,.593,.616,2nd of 5,2.0,Lost LDS (3-2),891,688,30.5,29.6,41,18,A.Pettitte (8.4),J.Torre (96-66)
19,1996,New York Yankees,AL East,162,92,70,0,.568,.546,1st of 5,--,Won WS (4-2),871,787,30.1,29.3,48,24,A.Pettitte (5.6),J.Torre (92-70)
20,1995,New York Yankees,AL East,145,79,65,1,.549,.539,2nd of 5,7.0,Lost LDS (3-2),749,688,31.0,28.1,42,20,B.Williams (6.4),B.Showalter (79-65)
21,1994,New York Yankees,AL East,113,70,43,0,.619,.602,1st of 5,--,,670,534,30.5,29.8,36,17,W.Boggs (4.5),B.Showalter (70-43)
22,1993,New York Yankees,AL East,162,88,74,0,.543,.535,2nd of 7,7.0,,821,761,29.7,28.9,41,22,J.Key (6.2),B.Showalter (88-74)
23,1992,New York Yankees,AL East,162,76,86,0,.469,.492,4th of 7,20.0,,733,746,28.3,29.5,40,19,M.Perez (6.0),B.Showalter (76-86)
24,1991,New York Yankees,AL East,162,71,91,0,.438,.435,5th of 7,20.0,,674,777,27.8,29.5,40,20,S.Sax (4.1),S.Merrill (71-91)
25,1990,New York Yankees,AL East,162,67,95,0,.414,.402,7th of 7,21.0,,603,749,28.2,29.1,43,20,R.Kelly (5.4),B.Dent (18-31) and S.Merrill (49-64)
26,1989,New York Yankees,AL East,161,74,87,0,.460,.442,5th of 7,14.5,,698,792,28.6,29.2,49,22,S.Sax (4.4),D.Green (56-65) and B.Dent (18-22)
27,1988,New York Yankees,AL East,161,85,76,0,.528,.514,5th of 7,3.5,,772,748,30.5,32.3,41,18,R.Henderson (6.3),B.Martin (40-28) and L.Piniella (45-48)
28,1987,New York Yankees,AL East,162,89,73,0,.549,.518,4th of 7,9.0,,788,758,29.8,32.1,48,22,D.Mattingly (5.1),L.Piniella (89-73)
29,1986,New York Yankees,AL East,162,90,72,0,.556,.535,2nd of 7,5.5,,797,738,29.2,30.3,43,18,D.Mattingly (7.2),L.Piniella (90-72)
30,1985,New York Yankees,AL East,161,97,64,0,.602,.608,2nd of 7,2.0,,839,660,28.8,30.9,39,17,R.Henderson (9.9),Y.Berra (6-10) and B.Martin (91-54)
31,1984,New York Yankees,AL East,162,87,75,0,.537,.550,3rd of 7,17.0,,758,679,29.5,29.8,41,17,D.Mattingly (6.3),Y.Berra (87-75)
32,1983,New York Yankees,AL East,162,91,71,0,.562,.542,3rd of 7,7.0,,770,703,30.6,28.5,40,16,R.Guidry (5.3),B.Martin (91-71)
33,1982,New York Yankees,AL East,162,79,83,0,.488,.496,5th of 7,16.0,,709,716,30.3,29.0,47,17,R.Gossage (4.5),B.Lemon (6-8) G.Michael (44-42) and C.King (29-33)
34,1981,New York Yankees,AL East,107,59,48,0,.551,.593,4th of 7,2.0,Lost WS (4-2),421,343,30.7,30.2,39,16,D.Righetti (3.5),G.Michael (48-34) and B.Lemon (11-14)
35,1980,New York Yankees,AL East,162,103,59,0,.636,.597,1st of 7,--,Lost ALCS (3-0),820,662,30.0,31.4,39,13,W.Randolph (6.6),D.Howser (103-59)
36,1979,New York Yankees,AL East,160,89,71,0,.556,.540,4th of 7,13.5,,734,672,30.3,31.0,47,19,R.Guidry (6.5),B.Lemon (34-31) and B.Martin (55-40)
37,1978,New York Yankees,AL East,163,100,63,0,.613,.605,1st of 7,--,Won WS (4-2),735,582,29.8,28.3,41,17,R.Guidry (9.6),B.Martin (52-42) D.Howser (0-1) and B.Lemon (48-20)
38,1977,New York Yankees,AL East,162,100,62,0,.617,.610,1st of 7,--,Won WS (4-2),831,651,29.1,28.6,36,13,G.Nettles (5.5),B.Martin (100-62)
39,1976,New York Yankees,AL East,159,97,62,0,.610,.607,1st of 6,--,Lost WS (4-0),730,575,28.3,29.2,40,14,G.Nettles (8.0),B.Martin (97-62)
40,1975,New York Yankees,AL East,160,83,77,0,.519,.567,3rd of 6,12.0,,681,588,28.5,28.7,37,12,C.Hunter (8.1),B.Virdon (53-51) and B.Martin (30-26)
41,1974,New York Yankees,AL East,162,89,73,0,.549,.534,2nd of 6,2.0,,671,623,27.7,28.4,44,19,E.Maddox (5.4),B.Virdon (89-73)
42,1973,New York Yankees,AL East,162,80,82,0,.494,.523,4th of 6,17.0,,641,610,30.0,29.4,36,15,T.Munson (7.2),R.Houk (80-82)
43,1972,New York Yankees,AL East,155,79,76,0,.510,.525,4th of 6,6.5,,557,527,28.7,28.1,36,18,B.Murcer (8.1),R.Houk (79-76)
44,1971,New York Yankees,AL East,162,82,80,0,.506,.505,4th of 6,21.0,,648,641,28.3,27.3,36,15,R.White (6.7),R.Houk (82-80)
45,1970,New York Yankees,AL East,163,93,69,1,.574,.548,2nd of 6,15.0,,680,612,27.0,27.5,34,17,R.White (6.8),R.Houk (93-69)
46,1969,New York Yankees,AL East,162,80,81,1,.497,.480,5th of 6,28.5,,562,587,26.8,26.6,38,14,M.Stottlemyre (6.1),R.Houk (80-81)
47,1968,New York Yankees,AL,164,83,79,2,.512,.504,5th of 10,20.0,,536,531,28.0,27.1,34,17,S.Bahnsen (5.9),R.Houk (83-79)
48,1967,New York Yankees,AL,163,72,90,1,.444,.421,9th of 10,20.0,,522,621,28.0,27.0,39,15,A.Downing (4.6),R.Houk (72-90)
49,1966,New York Yankees,AL,160,70,89,1,.440,.499,10th of 10,26.5,,611,612,28.4,26.9,36,14,T.Tresh (5.4),J.Keane (4-16) and R.Houk (66-73)
50,1965,New York Yankees,AL,162,77,85,0,.475,.505,6th of 10,25.0,,611,604,28.3,27.2,40,16,M.Stottlemyre (6.9),J.Keane (77-85)
51,1964,New York Yankees,AL,164,99,63,2,.611,.606,1st of 10,--,Lost WS (4-3),730,577,28.2,26.9,32,14,W.Ford (6.8),Y.Berra (99-63)
52,1963,New York Yankees,AL,161,104,57,0,.646,.620,1st of 10,--,Lost WS (4-0),714,547,27.9,26.7,30,13,E.Howard (5.2),R.Houk (104-57)
53,1962,New York Yankees,AL,162,96,66,0,.593,.583,1st of 10,--,Won WS (4-3),817,680,28.1,27.7,33,15,M.Mantle (5.9),R.Houk (96-66)
54,1961,New York Yankees,AL,163,109,53,1,.673,.634,1st of 10,--,Won WS (4-1),827,612,28.4,27.7,36,16,M.Mantle (10.5),R.Houk (109-53)
55,1960,New York Yankees,AL,155,97,57,1,.630,.579,1st of 8,--,Lost WS (4-3),746,627,28.2,28.4,38,16,R.Maris (7.5),C.Stengel (97-57)
56,1959,New York Yankees,AL,155,79,75,1,.513,.527,3rd of 8,15.0,,687,647,28.4,28.4,37,17,M.Mantle (6.6),C.Stengel (79-75)
57,1958,New York Yankees,AL,155,92,62,1,.597,.623,1st of 8,--,Won WS (4-3),759,577,28.0,29.0,32,15,M.Mantle (8.7),C.Stengel (92-62)
58,1957,New York Yankees,AL,154,98,56,0,.636,.635,1st of 8,--,Lost WS (4-3),723,534,28.4,27.9,31,12,M.Mantle (11.3),C.Stengel (98-56)
59,1956,New York Yankees,AL,154,97,57,0,.630,.637,1st of 8,--,Won WS (4-3),857,631,28.1,26.4,38,15,M.Mantle (11.2),C.Stengel (97-57)
60,1955,New York Yankees,AL,154,96,58,0,.623,.631,1st of 8,--,Lost WS (4-3),762,569,28.0,27.5,40,16,M.Mantle (9.5),C.Stengel (96-58)
61,1954,New York Yankees,AL,155,103,51,1,.669,.658,2nd of 8,8.0,,805,563,28.5,29.7,39,17,M.Mantle (6.9),C.Stengel (103-51)
62,1953,New York Yankees,AL,151,99,52,0,.656,.668,1st of 8,--,Won WS (4-2),801,547,28.4,31.0,37,14,M.Mantle (5.3),C.Stengel (99-52)
63,1952,New York Yankees,AL,154,95,59,0,.617,.620,1st of 8,--,Won WS (4-3),727,557,27.8,30.9,39,16,M.Mantle (6.5),C.Stengel (95-59)
64,1951,New York Yankees,AL,154,98,56,0,.636,.613,1st of 8,--,Won WS (4-2),798,621,28.6,30.8,41,19,Y.Berra (4.7),C.Stengel (98-56)
65,1950,New York Yankees,AL,155,98,56,1,.636,.625,1st of 8,--,Won WS (4-0),914,691,29.2,30.6,38,15,P.Rizzuto (6.7),C.Stengel (98-56)
66,1949,New York Yankees,AL,155,97,57,1,.630,.618,1st of 8,--,Won WS (4-1),829,637,28.5,29.9,37,14,J.DiMaggio (4.4),C.Stengel (97-57)
67,1948,New York Yankees,AL,154,94,60,0,.610,.635,3rd of 8,2.5,,857,633,29.7,28.9,35,13,J.DiMaggio (7.1),B.Harris (94-60)
68,1947,New York Yankees,AL,155,97,57,1,.630,.649,1st of 8,--,Won WS (4-3),794,568,30.0,29.9,39,17,J.DiMaggio (4.8),B.Harris (97-57)
69,1946,New York Yankees,AL,154,87,67,0,.565,.601,3rd of 8,17.0,,684,547,30.1,30.6,46,22,C.Keller (6.1),J.McCarthy (22-13) B.Dickey (57-48) and J.Neun (8-6)
70,1945,New York Yankees,AL,152,81,71,0,.533,.550,4th of 8,6.5,,676,606,30.2,30.4,32,14,S.Stirnweiss (8.7),J.McCarthy (81-71)
71,1944,New York Yankees,AL,154,83,71,0,.539,.540,3rd of 8,6.0,,674,617,29.2,29.1,32,13,S.Stirnweiss (8.5),J.McCarthy (83-71)
72,1943,New York Yankees,AL,155,98,56,1,.636,.595,1st of 8,--,Won WS (4-1),669,542,28.3,30.1,26,11,S.Chandler (7.3),J.McCarthy (98-56)
73,1942,New York Yankees,AL,154,103,51,0,.669,.698,1st of 8,--,Lost WS (4-1),801,507,28.3,30.6,31,13,J.Gordon (8.2),J.McCarthy (103-51)
74,1941,New York Yankees,AL,156,101,53,2,.656,.623,1st of 8,--,Won WS (4-1),830,631,27.4,29.7,27,12,J.DiMaggio (9.1),J.McCarthy (101-53)
75,1940,New York Yankees,AL,155,88,66,1,.571,.589,3rd of 8,2.0,,817,671,28.1,30.0,27,13,J.DiMaggio (7.2),J.McCarthy (88-66)
76,1939,New York Yankees,AL,152,106,45,1,.702,.734,1st of 8,--,Won WS (4-0),967,556,27.7,30.5,27,12,J.DiMaggio (8.1),J.McCarthy (106-45)
77,1938,New York Yankees,AL,157,99,53,5,.651,.637,1st of 8,--,Won WS (4-0),966,710,28.3,30.1,28,14,R.Ruffing (6.1),J.McCarthy (99-53)
78,1937,New York Yankees,AL,157,102,52,3,.662,.666,1st of 8,--,Won WS (4-1),979,671,28.6,29.9,28,12,L.Gomez (9.2),J.McCarthy (102-52)
79,1936,New York Yankees,AL,155,102,51,2,.667,.666,1st of 8,--,Won WS (4-2),1065,731,28.1,28.9,28,11,L.Gehrig (9.1),J.McCarthy (102-51)
80,1935,New York Yankees,AL,149,89,60,0,.597,.616,2nd of 8,3.0,,818,632,28.4,27.0,27,10,L.Gehrig (8.6),J.McCarthy (89-60)
81,1934,New York Yankees,AL,154,94,60,0,.610,.604,2nd of 8,7.0,,842,669,28.3,26.7,31,14,L.Gehrig (10.4),J.McCarthy (94-60)
82,1933,New York Yankees,AL,152,91,59,2,.607,.585,2nd of 8,7.0,,927,768,28.9,28.4,29,14,L.Gehrig (6.9),J.McCarthy (91-59)
83,1932,New York Yankees,AL,156,107,47,2,.695,.644,1st of 8,--,Won WS (4-0),1002,724,28.4,28.5,32,14,B.Ruth (8.3),J.McCarthy (107-47)
84,1931,New York Yankees,AL,155,94,59,2,.614,.650,2nd of 8,13.5,,1067,760,27.9,27.4,28,12,B.Ruth (10.3),J.McCarthy (94-59)
85,1930,New York Yankees,AL,154,86,68,0,.558,.576,3rd of 8,16.0,,1062,898,27.1,27.9,36,18,B.Ruth (10.5),B.Shawkey (86-68)
86,1929,New York Yankees,AL,154,88,66,0,.571,.567,2nd of 8,18.0,,899,775,27.4,28.9,31,12,B.Ruth (8.0),M.Huggins (82-61) and A.Fletcher (6-5)
87,1928,New York Yankees,AL,154,101,53,0,.656,.619,1st of 8,--,Won WS (4-0),894,685,28.1,28.8,30,13,B.Ruth (10.1),M.Huggins (101-53)
88,1927,New York Yankees,AL,155,110,44,1,.714,.709,1st of 8,--,Won WS (4-0),975,599,27.8,31.0,25,10,B.Ruth (12.4),M.Huggins (110-44)
89,1926,New York Yankees,AL,155,91,63,1,.591,.578,1st of 8,--,Lost WS (4-3),847,713,27.1,30.7,31,11,B.Ruth (11.5),M.Huggins (91-63)
90,1925,New York Yankees,AL,156,69,85,2,.448,.458,7th of 8,28.5,,706,774,28.2,29.9,36,13,U.Shocker (6.3),M.Huggins (69-85)
91,1924,New York Yankees,AL,153,89,63,1,.586,.581,2nd of 8,2.0,,798,667,29.2,29.3,31,12,B.Ruth (11.7),M.Huggins (89-63)
92,1923,New York Yankees,AL,152,98,54,0,.645,.625,1st of 8,--,Won WS (4-2),823,622,28.1,28.8,25,8,B.Ruth (14.1),M.Huggins (98-54)
93,1922,New York Yankees,AL,154,94,60,0,.610,.592,1st of 8,--,Lost WS (4-0),758,618,27.9,28.0,26,8,B.Shawkey (6.7),M.Huggins (94-60)
94,1921,New York Yankees,AL,153,98,55,0,.641,.630,1st of 8,--,Lost WS (5-3),948,708,27.7,27.4,27,11,B.Ruth (12.6),M.Huggins (98-55)
95,1920,New York Yankees,AL,154,95,59,0,.617,.628,3rd of 8,3.0,,838,629,27.8,29.0,26,10,B.Ruth (11.8),M.Huggins (95-59)
96,1919,New York Yankees,AL,141,80,59,2,.576,.561,3rd of 8,7.5,,578,506,28.4,28.1,30,12,R.Peckinpaugh (6.3),M.Huggins (80-59)
97,1918,New York Yankees,AL,126,60,63,3,.488,.517,4th of 8,13.5,,493,475,28.2,26.7,36,15,H.Baker (4.9),M.Huggins (60-63)
98,1917,New York Yankees,AL,155,71,82,2,.464,.471,6th of 8,28.5,,524,558,26.7,27.0,37,15,H.Baker (4.6),B.Donovan (71-82)
99,1916,New York Yankees,AL,156,80,74,2,.519,.513,4th of 8,11.0,,577,561,26.1,25.6,35,13,B.Shawkey (6.8),B.Donovan (80-74)
100,1915,New York Yankees,AL,154,69,83,2,.454,.497,5th of 8,32.5,,584,588,26.5,26.7,40,17,R.Caldwell (5.8),B.Donovan (69-83)
101,1914,New York Yankees,AL,157,70,84,3,.455,.489,6th of 8,30.0,,537,550,26.3,25.8,36,10,R.Caldwell (6.9),F.Chance (60-74) and R.Peckinpaugh (10-10)
102,1913,New York Yankees,AL,153,57,94,2,.377,.395,7th of 8,38.0,,529,668,27.1,26.4,44,13,R.Caldwell (4.7),F.Chance (57-94)
103,1912,New York Highlanders,AL,153,50,102,1,.329,.370,8th of 8,55.0,,630,842,26.7,26.7,44,13,J.Warhop (6.7),H.Wolverton (50-102)
104,1911,New York Highlanders,AL,153,76,76,1,.500,.475,6th of 8,25.5,,684,723,27.0,25.4,35,11,R.Ford (6.7),H.Chase (76-76)
105,1910,New York Highlanders,AL,156,88,63,5,.583,.553,2nd of 8,14.5,,626,557,27.4,25.4,31,10,R.Ford (11.5),G.Stallings (78-59) and H.Chase (10-4)
106,1909,New York Highlanders,AL,153,74,77,2,.490,.502,5th of 8,23.5,,589,587,27.8,26.5,35,15,J.Warhop (4.3),G.Stallings (74-77)
107,1908,New York Highlanders,AL,155,51,103,1,.331,.310,8th of 8,39.5,,460,713,28.2,28.8,32,14,C.Hemphill (3.8),C.Griffith (24-32) and K.Elberfeld (27-71)
108,1907,New York Highlanders,AL,152,70,78,4,.473,.455,5th of 8,21.0,,605,667,28.1,29.3,33,17,J.Chesbro (4.5),C.Griffith (70-78)
109,1906,New York Highlanders,AL,155,90,61,4,.596,.575,2nd of 8,3.0,,640,543,28.2,29.4,26,11,A.Orth (8.7),C.Griffith (90-61)
110,1905,New York Highlanders,AL,152,71,78,3,.477,.473,6th of 8,21.5,,586,621,29.2,29.0,35,11,A.Orth (5.9),C.Griffith (71-78)
111,1904,New York Highlanders,AL,155,92,59,4,.609,.558,2nd of 8,1.5,,598,526,29.3,29.1,26,9,J.Chesbro (11.0),C.Griffith (92-59)
112,1903,New York Highlanders,AL,136,72,62,2,.537,.505,4th of 8,17.0,,579,573,29.0,28.5,28,11,J.Chesbro (4.7),C.Griffith (72-62)