
Rk,Year,Tm,Lg,G,W,L,Ties,W-L%,pythW-L%,Finish,GB,Playoffs,R,RA,BatAge,PAge,#Bat,#P,Top Player,Managers
1,2014,Los Angeles Dodgers,NL West,162,94,68,0,.580,.569,1st of 5,--,Lost LDS (3-1),718,617,29.3,29.9,49,25,C.Kershaw (8.0),D.Mattingly (94-68)
2,2013,Los Angeles Dodgers,NL West,162,92,70,0,.568,.550,1st of 5,--,Lost NLCS (4-2),649,582,30.6,28.1,49,27,C.Kershaw (8.4),D.Mattingly (92-70)
3,2012,Los Angeles Dodgers,NL West,162,86,76,0,.531,.530,2nd of 5,8.0,,637,597,30.4,29.0,50,25,C.Kershaw (6.6),D.Mattingly (86-76)
4,2011,Los Angeles Dodgers,NL West,161,82,79,0,.509,.523,3rd of 5,11.5,,644,612,29.8,28.6,48,21,M.Kemp (8.2),D.Mattingly (82-79)
5,2010,Los Angeles Dodgers,NL West,162,80,82,0,.494,.483,4th of 5,12.0,,667,692,30.2,28.1,49,24,C.Kershaw (5.1),J.Torre (80-82)
6,2009,Los Angeles Dodgers,NL West,162,95,67,0,.586,.610,1st of 5,--,Lost NLCS (4-1),780,611,29.7,27.8,47,25,M.Kemp (4.8),J.Torre (95-67)
7,2008,Los Angeles Dodgers,NL West,162,84,78,0,.519,.535,1st of 5,--,Lost NLCS (4-1),700,648,28.5,29.5,46,22,C.Billingsley (4.5),J.Torre (84-78)
8,2007,Los Angeles Dodgers,NL West,162,82,80,0,.506,.505,4th of 5,8.0,,735,727,29.7,31.1,45,22,B.Penny (6.6),G.Little (82-80)
9,2006,Los Angeles Dodgers,NL West,162,88,74,0,.543,.540,2nd of 5,--,Lost LDS (3-0),820,751,29.9,30.4,50,22,D.Lowe (4.6),G.Little (88-74)
10,2005,Los Angeles Dodgers,NL West,162,71,91,0,.438,.456,4th of 5,11.0,,685,755,28.7,28.5,44,20,J.Kent (3.7),J.Tracy (71-91)
11,2004,Los Angeles Dodgers,NL West,162,93,69,0,.574,.549,1st of 5,--,Lost LDS (3-1),761,684,28.9,29.5,43,22,A.Beltre (9.5),J.Tracy (93-69)
12,2003,Los Angeles Dodgers,NL West,162,85,77,0,.525,.515,2nd of 5,15.5,,574,556,29.9,31.2,44,19,K.Brown (4.5),J.Tracy (85-77)
13,2002,Los Angeles Dodgers,NL West,162,92,70,0,.568,.547,3rd of 5,6.0,,713,643,30.0,31.0,41,19,S.Green (6.9),J.Tracy (92-70)
14,2001,Los Angeles Dodgers,NL West,162,86,76,0,.531,.509,3rd of 5,6.0,,758,744,30.2,30.5,41,21,S.Green (6.9),J.Tracy (86-76)
15,2000,Los Angeles Dodgers,NL West,162,86,76,0,.531,.541,2nd of 5,11.0,,798,729,29.6,29.5,46,21,K.Brown (6.8),D.Johnson (86-76)
16,1999,Los Angeles Dodgers,NL West,162,77,85,0,.475,.503,3rd of 5,23.0,,793,787,29.2,28.6,43,21,K.Brown (5.5),D.Johnson (77-85)
17,1998,Los Angeles Dodgers,NL West,162,83,79,0,.512,.494,3rd of 5,15.0,,669,678,28.3,27.6,53,25,G.Sheffield (3.4),B.Russell (36-38) and G.Hoffman (47-41)
18,1997,Los Angeles Dodgers,NL West,162,88,74,0,.543,.564,2nd of 4,2.0,,742,645,29.3,28.8,44,16,M.Piazza (8.7),B.Russell (88-74)
19,1996,Los Angeles Dodgers,NL West,162,90,72,0,.556,.534,2nd of 4,1.0,Lost LDS (3-0),703,652,27.9,28.2,40,15,M.Piazza (5.4),T.Lasorda (41-35) and B.Russell (49-37)
20,1995,Los Angeles Dodgers,NL West,144,78,66,0,.542,.518,1st of 4,--,Lost LDS (3-0),634,609,27.4,27.7,49,21,M.Piazza (6.2),T.Lasorda (78-66)
21,1994,Los Angeles Dodgers,NL West,114,58,56,0,.509,.520,1st of 4,--,,532,509,28.7,30.0,35,16,K.Gross (4.0),T.Lasorda (58-56)
22,1993,Los Angeles Dodgers,NL West,162,81,81,0,.500,.509,4th of 7,23.0,,675,662,28.8,29.1,35,15,M.Piazza (7.0),T.Lasorda (81-81)
23,1992,Los Angeles Dodgers,NL West,162,63,99,0,.389,.432,6th of 6,35.0,,548,636,28.4,31.2,36,14,B.Butler (4.8),T.Lasorda (63-99)
24,1991,Los Angeles Dodgers,NL West,162,93,69,0,.574,.574,2nd of 6,1.0,,665,565,30.2,30.2,39,16,B.Butler (5.1),T.Lasorda (93-69)
25,1990,Los Angeles Dodgers,NL West,162,86,76,0,.531,.528,2nd of 6,5.0,,728,685,29.7,28.2,46,21,E.Murray (5.1),T.Lasorda (86-76)
26,1989,Los Angeles Dodgers,NL West,160,77,83,0,.481,.515,4th of 6,14.0,,554,536,29.8,28.5,40,18,O.Hershiser (7.3),T.Lasorda (77-83)
27,1988,Los Angeles Dodgers,NL West,162,94,67,1,.584,.565,1st of 6,--,Won WS (4-1),628,544,29.0,29.2,38,19,O.Hershiser (7.1),T.Lasorda (94-67)
28,1987,Los Angeles Dodgers,NL West,162,73,89,0,.451,.472,4th of 6,17.0,,635,675,28.2,27.9,48,18,B.Welch (7.5),T.Lasorda (73-89)
29,1986,Los Angeles Dodgers,NL West,162,73,89,0,.451,.472,5th of 6,23.0,,638,679,28.0,27.8,38,14,F.Valenzuela (6.2),T.Lasorda (73-89)
30,1985,Los Angeles Dodgers,NL West,162,95,67,0,.586,.574,1st of 6,--,Lost NLCS (4-2),682,579,27.7,28.0,41,14,P.Guerrero (7.9),T.Lasorda (95-67)
31,1984,Los Angeles Dodgers,NL West,162,79,83,0,.488,.484,4th of 6,13.0,,580,600,26.8,27.5,38,13,A.Pena (5.1),T.Lasorda (79-83)
32,1983,Los Angeles Dodgers,NL West,163,91,71,1,.562,.533,1st of 6,--,Lost NLCS (3-1),654,609,28.1,27.1,40,16,P.Guerrero (5.5),T.Lasorda (91-71)
33,1982,Los Angeles Dodgers,NL West,162,88,74,0,.543,.555,2nd of 6,1.0,,691,612,29.2,26.8,39,15,P.Guerrero (6.8),T.Lasorda (88-74)
34,1981,Los Angeles Dodgers,NL West,110,63,47,0,.573,.606,2nd of 6,4.0,Won WS (4-2),450,356,29.3,26.2,37,13,F.Valenzuela (5.3),T.Lasorda (63-47)
35,1980,Los Angeles Dodgers,NL West,163,92,71,0,.564,.552,2nd of 6,1.0,,663,591,30.4,28.2,35,13,D.Sutton (5.5),T.Lasorda (92-71)
36,1979,Los Angeles Dodgers,NL West,162,79,83,0,.488,.514,3rd of 6,11.5,,739,717,30.4,28.3,35,17,R.Cey (5.1),T.Lasorda (79-83)
37,1978,Los Angeles Dodgers,NL West,162,95,67,0,.586,.607,1st of 6,--,Lost WS (4-2),727,573,30.5,28.7,38,15,R.Cey (5.3),T.Lasorda (95-67)
38,1977,Los Angeles Dodgers,NL West,162,98,64,0,.605,.625,1st of 6,--,Lost WS (4-2),769,582,29.2,28.5,37,14,R.Smith (6.1),T.Lasorda (98-64)
39,1976,Los Angeles Dodgers,NL West,162,92,70,0,.568,.552,2nd of 6,10.0,,608,543,27.8,28.3,37,12,R.Cey (6.0),W.Alston (90-68) and T.Lasorda (2-2)
40,1975,Los Angeles Dodgers,NL West,162,88,74,0,.543,.588,2nd of 6,20.0,,648,534,27.4,28.2,37,14,A.Messersmith (6.9),W.Alston (88-74)
41,1974,Los Angeles Dodgers,NL West,162,102,60,0,.630,.656,1st of 6,--,Lost WS (4-1),798,561,27.1,28.9,35,13,J.Wynn (7.7),W.Alston (102-60)
42,1973,Los Angeles Dodgers,NL West,162,95,66,1,.590,.581,2nd of 6,3.5,,675,565,27.0,29.9,33,14,D.Sutton (5.3),W.Alston (95-66)
43,1972,Los Angeles Dodgers,NL West,155,85,70,0,.548,.547,2nd of 6,10.5,,584,527,28.6,30.3,36,14,D.Sutton (6.3),W.Alston (85-70)
44,1971,Los Angeles Dodgers,NL West,162,89,73,0,.549,.555,2nd of 6,1.0,,663,587,28.7,28.4,34,14,D.Allen (5.4),W.Alston (89-73)
45,1970,Los Angeles Dodgers,NL West,161,87,74,0,.540,.541,2nd of 6,14.5,,749,684,27.9,26.7,37,16,B.Grabarkewitz (6.5),W.Alston (87-74)
46,1969,Los Angeles Dodgers,NL West,162,85,77,0,.525,.563,4th of 6,8.0,,645,561,27.4,27.3,38,14,C.Osteen (6.7),W.Alston (85-77)
47,1968,Los Angeles Dodgers,NL,162,76,86,0,.469,.464,7th of 10,21.0,,470,509,27.9,26.8,35,14,T.Haller (4.8),W.Alston (76-86)
48,1967,Los Angeles Dodgers,NL,162,73,89,0,.451,.438,8th of 10,28.5,,519,595,27.5,27.0,34,15,D.Drysdale (4.4),W.Alston (73-89)
49,1966,Los Angeles Dodgers,NL,162,95,67,0,.586,.596,1st of 10,--,Lost WS (4-0),606,490,28.3,26.9,35,13,S.Koufax (9.8),W.Alston (95-67)
50,1965,Los Angeles Dodgers,NL,162,97,65,0,.599,.570,1st of 10,--,Won WS (4-3),608,521,27.9,27.6,33,12,S.Koufax (8.6),W.Alston (97-65)
51,1964,Los Angeles Dodgers,NL,164,80,82,2,.494,.532,6th of 10,13.0,,614,572,26.9,25.6,33,14,D.Drysdale (8.4),W.Alston (80-82)
52,1963,Los Angeles Dodgers,NL,163,99,63,1,.611,.569,1st of 10,--,Won WS (4-0),640,550,27.4,26.5,35,14,S.Koufax (9.9),W.Alston (99-63)
53,1962,Los Angeles Dodgers,NL,165,102,63,0,.618,.586,2nd of 10,1.0,,842,697,27.0,25.7,30,12,M.Wills (6.0),W.Alston (102-63)
54,1961,Los Angeles Dodgers,NL,154,89,65,0,.578,.524,2nd of 8,4.0,,735,697,27.8,25.8,34,12,D.Drysdale (5.9),W.Alston (89-65)
55,1960,Los Angeles Dodgers,NL,154,82,72,0,.532,.550,4th of 8,13.0,,662,593,27.8,25.3,37,13,D.Drysdale (7.1),W.Alston (82-72)
56,1959,Los Angeles Dodgers,NL,156,88,68,0,.564,.523,1st of 8,--,Won WS (4-2),705,670,28.2,25.9,38,15,D.Drysdale (6.2),W.Alston (88-68)
57,1958,Los Angeles Dodgers,NL,154,71,83,0,.461,.441,7th of 8,21.0,,668,761,29.0,25.2,43,19,D.Drysdale (3.7),W.Alston (71-83)
58,1957,Brooklyn Dodgers,NL,154,84,70,0,.545,.570,3rd of 8,11.0,,690,591,30.1,26.7,35,17,D.Drysdale (6.0),W.Alston (84-70)
59,1956,Brooklyn Dodgers,NL,154,93,61,0,.604,.582,1st of 8,--,Lost WS (4-3),720,601,31.0,28.2,35,15,D.Snider (7.6),W.Alston (93-61)
60,1955,Brooklyn Dodgers,NL,154,98,55,1,.641,.624,1st of 8,--,Won WS (4-3),857,650,29.8,26.2,32,15,D.Snider (8.6),W.Alston (98-55)
61,1954,Brooklyn Dodgers,NL,154,92,62,0,.597,.523,2nd of 8,5.0,,778,740,29.6,27.7,35,16,D.Snider (8.4),W.Alston (92-62)
62,1953,Brooklyn Dodgers,NL,155,105,49,1,.682,.645,1st of 8,--,Lost WS (4-2),955,689,29.0,27.3,32,14,D.Snider (9.3),C.Dressen (105-49)
63,1952,Brooklyn Dodgers,NL,155,96,57,2,.627,.613,1st of 8,--,Lost WS (4-3),775,603,29.2,27.1,35,17,J.Robinson (8.5),C.Dressen (96-57)
64,1951,Brooklyn Dodgers,NL,158,97,60,1,.618,.608,2nd of 8,1.0,,855,672,28.5,27.2,36,14,J.Robinson (9.7),C.Dressen (97-60)
65,1950,Brooklyn Dodgers,NL,155,89,65,1,.578,.571,2nd of 8,2.0,,847,724,27.6,26.6,37,19,J.Robinson (7.5),B.Shotton (89-65)
66,1949,Brooklyn Dodgers,NL,156,97,57,2,.630,.634,1st of 8,--,Lost WS (4-1),879,651,27.0,26.0,34,13,J.Robinson (9.6),B.Shotton (97-57)
67,1948,Brooklyn Dodgers,NL,155,84,70,1,.545,.548,3rd of 8,7.5,,744,669,26.2,26.2,40,18,J.Robinson (5.4),L.Durocher (35-37) R.Blades (1-0) and B.Shotton (48-33)
68,1947,Brooklyn Dodgers,NL,155,94,60,1,.610,.568,1st of 8,--,Lost WS (4-3),774,667,27.9,25.9,43,19,R.Branca (6.3),C.Sukeforth (2-0) and B.Shotton (92-60)
69,1946,Brooklyn Dodgers,NL,157,96,60,1,.615,.594,2nd of 8,2.0,,701,570,28.2,27.4,45,18,P.Reese (6.0),L.Durocher (96-60)
70,1945,Brooklyn Dodgers,NL,155,87,67,1,.565,.543,3rd of 8,11.0,,795,724,29.2,28.2,42,15,A.Galan (5.4),L.Durocher (87-67)
71,1944,Brooklyn Dodgers,NL,155,63,91,1,.409,.415,7th of 8,42.0,,690,832,28.3,28.3,53,24,A.Galan (6.0),L.Durocher (63-91)
72,1943,Brooklyn Dodgers,NL,153,81,72,0,.529,.527,3rd of 8,23.5,,716,675,30.7,30.3,45,18,A.Galan (5.4),L.Durocher (81-72)
73,1942,Brooklyn Dodgers,NL,155,104,50,1,.675,.664,2nd of 8,2.0,,742,512,29.3,31.2,32,15,P.Reese (5.7),L.Durocher (104-50)
74,1941,Brooklyn Dodgers,NL,157,100,54,3,.649,.642,1st of 8,--,Lost WS (4-1),800,581,28.3,31.4,39,18,W.Wyatt (7.6),L.Durocher (100-54)
75,1940,Brooklyn Dodgers,NL,156,88,65,3,.575,.553,2nd of 8,12.0,,697,621,28.4,31.8,40,18,D.Camilli (5.0),L.Durocher (88-65)
76,1939,Brooklyn Dodgers,NL,157,84,69,4,.549,.543,3rd of 8,12.5,,708,645,29.3,30.6,37,14,D.Camilli (6.4),L.Durocher (84-69)
77,1938,Brooklyn Dodgers,NL,151,69,80,2,.463,.496,7th of 8,18.5,,704,710,29.1,30.7,43,16,F.Fitzsimmons (4.4),B.Grimes (69-80)
78,1937,Brooklyn Dodgers,NL,155,62,91,2,.405,.398,6th of 8,33.5,,616,772,29.0,29.7,43,17,V.Mungo (4.6),B.Grimes (62-91)
79,1936,Brooklyn Dodgers,NL,156,67,87,2,.435,.442,7th of 8,25.0,,662,752,28.4,28.6,34,12,V.Mungo (6.0),C.Stengel (67-87)
80,1935,Brooklyn Dodgers,NL,154,70,83,1,.458,.465,5th of 8,29.5,,711,767,27.8,29.8,38,16,L.Frey (3.3),C.Stengel (70-83)
81,1934,Brooklyn Dodgers,NL,153,71,81,1,.467,.472,6th of 8,23.5,,748,795,27.8,27.3,33,14,V.Mungo (5.2),C.Stengel (71-81)
82,1933,Brooklyn Dodgers,NL,157,65,88,4,.425,.446,6th of 8,26.5,,617,695,29.0,29.3,33,11,V.Mungo (5.0),M.Carey (65-88)
83,1932,Brooklyn Dodgers,NL,154,81,73,0,.526,.503,3rd of 8,9.0,,752,747,29.8,31.4,35,13,L.O'Doul (6.3),M.Carey (81-73)
84,1931,Brooklyn Robins,NL,153,79,73,1,.520,.505,4th of 8,21.0,,681,673,29.3,32.9,35,14,W.Clark (6.3),W.Robinson (79-73)
85,1930,Brooklyn Robins,NL,154,86,68,0,.558,.575,4th of 8,6.0,,871,738,28.9,31.4,30,13,B.Herman (6.9),W.Robinson (86-68)
86,1929,Brooklyn Robins,NL,153,70,83,0,.458,.426,6th of 8,28.5,,755,888,30.0,29.6,36,17,W.Clark (5.4),W.Robinson (70-83)
87,1928,Brooklyn Robins,NL,155,77,76,2,.503,.518,6th of 8,17.5,,665,640,31.0,31.5,30,9,D.Vance (10.1),W.Robinson (77-76)
88,1927,Brooklyn Robins,NL,154,65,88,1,.425,.439,6th of 8,28.5,,541,619,29.9,31.9,31,12,D.Vance (7.5),W.Robinson (65-88)
89,1926,Brooklyn Robins,NL,155,71,82,2,.464,.444,6th of 8,17.5,,623,705,31.0,31.5,31,11,J.Petty (5.0),W.Robinson (71-82)
90,1925,Brooklyn Robins,NL,153,68,85,0,.444,.456,6th of 8,27.0,,786,866,31.4,30.3,35,16,D.Vance (5.9),W.Robinson (68-85)
91,1924,Brooklyn Robins,NL,154,92,62,0,.597,.525,2nd of 8,1.5,,717,679,30.8,30.3,33,15,D.Vance (10.3),W.Robinson (92-62)
92,1923,Brooklyn Robins,NL,155,76,78,1,.494,.507,6th of 8,19.5,,753,741,29.7,28.7,33,12,J.Fournier (5.6),W.Robinson (76-78)
93,1922,Brooklyn Robins,NL,155,76,78,1,.494,.493,6th of 8,17.0,,743,754,30.1,28.8,31,12,D.Ruether (5.2),W.Robinson (76-78)
94,1921,Brooklyn Robins,NL,152,77,75,0,.507,.490,5th of 8,16.5,,667,681,30.4,28.4,30,12,B.Grimes (8.0),W.Robinson (77-75)
95,1920,Brooklyn Robins,NL,155,93,61,1,.604,.601,1st of 8,--,Lost WS (5-2),660,528,30.0,28.8,29,9,B.Grimes (8.1),W.Robinson (93-61)
96,1919,Brooklyn Robins,NL,141,69,71,1,.493,.511,5th of 8,27.0,,525,513,29.3,27.8,28,9,L.Cadore (5.7),W.Robinson (69-71)
97,1918,Brooklyn Robins,NL,126,57,69,0,.452,.387,5th of 8,25.5,,360,463,29.9,29.2,35,17,B.Grimes (4.7),W.Robinson (57-69)
98,1917,Brooklyn Robins,NL,156,70,81,5,.464,.459,7th of 8,26.5,,511,559,28.8,28.7,31,11,L.Cadore (5.4),W.Robinson (70-81)
99,1916,Brooklyn Robins,NL,156,94,60,2,.610,.598,1st of 8,--,Lost WS (4-1),585,471,28.6,28.7,32,10,J.Pfeffer (7.1),W.Robinson (94-60)
100,1915,Brooklyn Robins,NL,154,80,72,2,.526,.480,3rd of 8,10.0,,536,560,26.6,27.4,33,15,J.Pfeffer (6.3),W.Robinson (80-72)
101,1914,Brooklyn Robins,NL,154,75,79,0,.487,.503,5th of 8,19.5,,622,618,26.7,27.4,28,11,J.Pfeffer (7.6),W.Robinson (75-79)
102,1913,Brooklyn Superbas,NL,152,65,84,3,.436,.486,6th of 8,34.5,,595,613,26.0,27.0,33,13,N.Rucker (4.8),B.Dahlen (65-84)
103,1912,Brooklyn Dodgers,NL,153,58,95,0,.379,.439,7th of 8,46.0,,651,744,25.9,25.7,30,12,N.Rucker (8.4),B.Dahlen (58-95)
104,1911,Brooklyn Dodgers,NL,154,64,86,4,.427,.409,7th of 8,33.5,,539,659,25.9,26.6,36,13,N.Rucker (8.9),B.Dahlen (64-86)
105,1910,Brooklyn Superbas,NL,156,64,90,2,.416,.398,6th of 8,40.0,,497,623,25.6,28.2,31,11,N.Rucker (7.1),B.Dahlen (64-90)
106,1909,Brooklyn Superbas,NL,155,55,98,2,.359,.347,6th of 8,55.5,,444,627,26.6,28.4,31,11,N.Rucker (7.3),H.Lumley (55-98)
107,1908,Brooklyn Superbas,NL,154,53,101,0,.344,.358,7th of 8,46.0,,375,516,27.1,28.6,24,8,N.Rucker (5.7),P.Donovan (53-101)
108,1907,Brooklyn Superbas,NL,153,65,83,5,.439,.429,5th of 8,40.0,,446,522,28.1,27.1,24,8,T.Jordan (3.6),P.Donovan (65-83)
109,1906,Brooklyn Superbas,NL,153,66,86,1,.434,.396,5th of 8,50.0,,496,625,27.9,26.6,24,9,H.Lumley (6.2),P.Donovan (66-86)
110,1905,Brooklyn Superbas,NL,155,48,104,3,.316,.299,8th of 8,56.5,,506,807,26.1,25.8,23,8,J.Sheckard (4.0),N.Hanlon (48-104)
111,1904,Brooklyn Superbas,NL,154,56,97,1,.366,.404,6th of 8,50.0,,497,614,26.4,27.4,28,12,J.Cronin (3.4),N.Hanlon (56-97)
112,1903,Brooklyn Superbas,NL,139,70,66,3,.515,.490,5th of 8,19.0,,667,682,27.6,27.4,28,10,J.Sheckard (7.0),N.Hanlon (70-66)
113,1902,Brooklyn Superbas,NL,141,75,63,3,.543,.538,2nd of 8,27.5,,564,519,28.5,27.2,26,9,B.Dahlen (4.3),N.Hanlon (75-63)
114,1901,Brooklyn Superbas,NL,137,79,57,1,.581,.597,3rd of 8,9.5,,744,600,29.5,27.0,24,9,J.Sheckard (6.4),N.Hanlon (79-57)
115,1900,Brooklyn Superbas,NL,142,82,54,6,.603,.556,1st of 8,--,,816,722,29.8,29.1,23,9,J.McGinnity (5.1),N.Hanlon (82-54)
116,1899,Brooklyn Superbas,NL,150,101,47,2,.682,.636,1st of 12,--,,892,658,28.4,26.4,27,11,J.Hughes (8.0),N.Hanlon (101-47)
117,1898,Brooklyn Bridegrooms,NL,149,54,91,4,.372,.392,10th of 12,46.0,,638,811,28.4,25.6,26,12,B.Kennedy (4.0),B.Barnie (15-20) M.Griffin (1-3) and C.Ebbets (38-68)
118,1897,Brooklyn Bridegrooms,NL,136,61,71,4,.462,.476,7th of 12,32.0,,802,845,29.9,27.7,20,7,B.Kennedy (4.8),B.Barnie (61-71)
119,1896,Brooklyn Bridegrooms,NL,133,58,73,2,.443,.455,10th of 12,33.0,,692,764,28.9,27.6,20,7,H.Payne (4.8),D.Foutz (58-73)
120,1895,Brooklyn Grooms,NL,133,71,60,2,.542,.522,5th of 12,16.5,,879,838,28.3,25.6,23,8,M.Griffin (5.6),D.Foutz (71-60)
121,1894,Brooklyn Grooms,NL,134,70,61,3,.534,.502,5th of 12,20.5,,1024,1020,28.6,25.1,24,10,M.Griffin (4.5),D.Foutz (70-61)
122,1893,Brooklyn Grooms,NL,130,65,63,2,.508,.461,7th of 12,20.5,,775,845,29.5,25.0,21,8,B.Kennedy (5.9),D.Foutz (65-63)
123,1892,Brooklyn Grooms,NL,158,95,59,4,.617,.610,3rd of 12,9.0,,935,733,27.7,25.3,17,6,D.Brouthers (8.8),M.Ward (95-59)
124,1891,Brooklyn Grooms,NL,137,61,76,0,.445,.468,6th of 8,25.5,,765,820,28.0,25.6,19,6,B.Caruthers (4.1),M.Ward (61-76)
125,1890,Brooklyn Bridegrooms,NL,129,86,43,0,.667,.657,1st of 8,--,Tied in WS (3-3-1),884,620,27.9,25.7,17,6,A.Terry (6.1),B.McGunnigle (86-43)
126,1889,Brooklyn Bridegrooms,AA,140,93,44,3,.679,.652,1st of 8,--,Lost WS (6-3),995,706,27.7,24.6,15,5,B.Caruthers (8.6),B.McGunnigle (93-44)
127,1888,Brooklyn Bridegrooms,AA,143,88,52,3,.629,.617,2nd of 8,6.5,,758,584,27.7,23.9,20,5,B.Caruthers (6.8),B.McGunnigle (88-52)
128,1887,Brooklyn Grays,AA,138,60,74,4,.448,.493,6th of 8,34.5,,904,918,26.8,26.2,19,6,A.Terry (2.5),C.Byrne (60-74)
129,1886,Brooklyn Grays,AA,141,76,61,4,.555,.500,3rd of 8,16.0,,832,832,26.3,25.5,19,6,A.Terry (3.0),C.Byrne (76-61)
130,1885,Brooklyn Grays,AA,112,53,59,0,.473,.481,5th of 8,26.0,,624,650,26.1,25.2,21,4,H.Porter (6.1),C.Hackett (15-22) and C.Byrne (38-37)
131,1884,Brooklyn Atlantics,AA,109,40,64,5,.385,.365,9th of 13,33.5,,476,644,28.1,24.2,18,5,A.Terry (2.3),G.Taylor (40-64)