
Rk,Year,Tm,Lg,G,W,L,Ties,W-L%,pythW-L%,Finish,GB,Playoffs,R,RA,BatAge,PAge,#Bat,#P,Top Player,Managers
1,2014,Washington Nationals,NL East,162,96,66,0,.593,.596,1st of 5,--,Lost LDS (3-1),686,555,28.8,28.3,40,18,A.Rendon (6.5),M.Williams (96-66)
2,2013,Washington Nationals,NL East,162,86,76,0,.531,.521,2nd of 5,10.0,,656,626,27.7,27.7,44,21,J.Werth (4.9),D.Johnson (86-76)
3,2012,Washington Nationals,NL East,162,98,64,0,.605,.594,1st of 5,--,Lost LDS (3-2),731,594,27.2,27.0,43,19,J.Zimmermann (5.3),D.Johnson (98-64)
4,2011,Washington Nationals,NL East,161,80,81,0,.497,.486,3rd of 5,21.5,,624,643,28.4,27.6,44,24,T.Clippard (3.4),J.Riggleman (38-37) J.McLaren (2-1) and D.Johnson (40-43)
5,2010,Washington Nationals,NL East,162,69,93,0,.426,.443,5th of 5,28.0,,655,742,29.1,28.0,46,26,R.Zimmerman (6.2),J.Riggleman (69-93)
6,2009,Washington Nationals,NL East,162,59,103,0,.364,.406,5th of 5,34.0,,710,874,28.4,27.4,55,30,R.Zimmerman (7.3),M.Acta (26-61) and J.Riggleman (33-42)
7,2008,Washington Nationals,NL East,161,59,102,0,.366,.387,5th of 5,32.5,,641,825,27.7,27.3,50,25,C.Guzman (4.6),M.Acta (59-102)
8,2007,Washington Nationals,NL East,162,73,89,0,.451,.431,4th of 5,16.0,,673,783,27.9,27.5,47,26,R.Zimmerman (4.6),M.Acta (73-89)
9,2006,Washington Nationals,NL East,162,71,91,0,.438,.429,5th of 5,26.0,,746,872,28.5,28.9,57,29,A.Soriano (6.1),F.Robinson (71-91)
10,2005,Washington Nationals,NL East,162,81,81,0,.500,.476,5th of 5,9.0,,639,673,29.3,28.9,55,25,J.Patterson (4.5),F.Robinson (81-81)
11,2004,Montreal Expos,NL East,162,67,95,0,.414,.413,5th of 5,29.0,,635,769,27.5,26.5,46,22,L.Hernandez (5.8),F.Robinson (67-95)
12,2003,Montreal Expos,NL East,162,83,79,0,.512,.497,4th of 5,18.0,,711,716,27.7,26.7,43,25,L.Hernandez (6.4),F.Robinson (83-79)
13,2002,Montreal Expos,NL East,162,83,79,0,.512,.511,2nd of 5,19.0,,735,718,28.2,27.7,43,20,V.Guerrero (7.0),F.Robinson (83-79)
14,2001,Montreal Expos,NL East,162,68,94,0,.420,.413,5th of 5,20.0,,670,812,27.6,27.4,47,23,J.Vazquez (6.2),F.Alou (21-32) and J.Torborg (47-62)
15,2000,Montreal Expos,NL East,162,67,95,0,.414,.409,4th of 5,28.0,,738,902,26.2,26.1,49,27,V.Guerrero (5.9),F.Alou (67-95)
16,1999,Montreal Expos,NL East,162,68,94,0,.420,.422,4th of 5,35.0,,718,853,25.9,25.5,44,21,V.Guerrero (4.4),F.Alou (68-94)
17,1998,Montreal Expos,NL East,162,65,97,0,.401,.412,4th of 5,41.0,,644,783,25.9,25.7,41,19,V.Guerrero (7.4),F.Alou (65-97)
18,1997,Montreal Expos,NL East,162,78,84,0,.481,.469,4th of 5,23.0,,691,740,27.7,26.4,41,21,P.Martinez (8.8),F.Alou (78-84)
19,1996,Montreal Expos,NL East,162,88,74,0,.543,.547,2nd of 5,8.0,,741,668,27.4,27.5,39,18,J.Fassero (5.3),F.Alou (88-74)
20,1995,Montreal Expos,NL East,144,66,78,0,.458,.488,5th of 5,24.0,,621,638,26.2,27.6,45,21,P.Martinez (4.1),F.Alou (66-78)
21,1994,Montreal Expos,NL East,114,74,40,0,.649,.614,1st of 5,--,,585,454,26.2,26.2,32,16,M.Alou (5.1),F.Alou (74-40)
22,1993,Montreal Expos,NL East,163,94,68,1,.580,.532,2nd of 7,3.0,,732,682,25.7,27.9,48,22,M.Grissom (5.2),F.Alou (94-68)
23,1992,Montreal Expos,NL East,162,87,75,0,.537,.550,2nd of 6,9.0,,648,581,27.4,28.0,47,21,M.Grissom (5.4),T.Runnells (17-20) and F.Alou (70-55)
24,1991,Montreal Expos,NL East,161,71,90,0,.441,.444,6th of 6,26.5,,579,655,27.7,28.4,38,19,D.Martinez (5.8),B.Rodgers (20-29) and T.Runnells (51-61)
25,1990,Montreal Expos,NL East,162,85,77,0,.525,.546,3rd of 6,10.0,,662,598,27.7,29.3,44,24,D.Martinez (4.3),B.Rodgers (85-77)
26,1989,Montreal Expos,NL East,162,81,81,0,.500,.501,4th of 6,12.0,,632,630,28.9,30.5,39,20,M.Langston (4.9),B.Rodgers (81-81)
27,1988,Montreal Expos,NL East,163,81,81,1,.500,.527,3rd of 6,20.0,,628,592,28.2,29.0,40,17,A.Galarraga (5.7),B.Rodgers (81-81)
28,1987,Montreal Expos,NL East,162,91,71,0,.562,.513,3rd of 6,4.0,,741,720,27.5,28.2,41,21,T.Raines (6.7),B.Rodgers (91-71)
29,1986,Montreal Expos,NL East,161,78,83,0,.484,.465,4th of 6,29.5,,637,688,27.4,27.5,43,20,T.Raines (5.5),B.Rodgers (78-83)
30,1985,Montreal Expos,NL East,161,84,77,0,.522,.498,3rd of 6,16.5,,633,636,27.7,27.5,44,20,T.Raines (7.6),B.Rodgers (84-77)
31,1984,Montreal Expos,NL East,161,78,83,0,.484,.506,5th of 6,18.0,,593,585,28.8,27.8,43,16,G.Carter (7.4),B.Virdon (64-67) and J.Fanning (14-16)
32,1983,Montreal Expos,NL East,163,82,80,1,.506,.521,3rd of 6,8.0,,677,646,28.4,27.8,41,15,G.Carter (7.1),B.Virdon (82-80)
33,1982,Montreal Expos,NL East,162,86,76,0,.531,.556,3rd of 6,6.0,,697,616,27.9,27.9,42,15,G.Carter (8.6),J.Fanning (86-76)
34,1981,Montreal Expos,NL East,108,60,48,0,.556,.553,2nd of 6,2.0,Lost NLCS (3-2),443,394,26.9,28.9,43,15,A.Dawson (7.4),D.Williams (44-37) and J.Fanning (16-11)
35,1980,Montreal Expos,NL East,162,90,72,0,.556,.545,2nd of 6,1.0,,694,629,27.1,28.9,37,16,A.Dawson (6.8),D.Williams (90-72)
36,1979,Montreal Expos,NL East,160,95,65,0,.594,.585,2nd of 6,2.0,,701,581,27.3,28.6,34,14,G.Carter (5.9),D.Williams (95-65)
37,1978,Montreal Expos,NL East,162,76,86,0,.469,.516,4th of 6,14.0,,633,611,27.2,28.9,36,18,G.Carter (5.8),D.Williams (76-86)
38,1977,Montreal Expos,NL East,162,75,87,0,.463,.454,5th of 6,26.0,,665,736,26.4,26.9,37,17,G.Carter (5.3),D.Williams (75-87)
39,1976,Montreal Expos,NL East,162,55,107,0,.340,.356,6th of 6,46.0,,531,734,25.1,27.4,47,19,S.Rogers (4.7),K.Kuehl (43-85) and C.Fox (12-22)
40,1975,Montreal Expos,NL East,162,75,87,0,.463,.437,5th of 6,17.5,,601,690,24.7,26.8,38,14,S.Rogers (4.8),G.Mauch (75-87)
41,1974,Montreal Expos,NL East,161,79,82,0,.491,.503,4th of 6,8.5,,662,657,27.7,25.8,41,14,M.Jorgensen (4.2),G.Mauch (79-82)
42,1973,Montreal Expos,NL East,162,79,83,0,.488,.477,4th of 6,3.5,,668,702,27.7,26.2,41,15,K.Singleton (5.7),G.Mauch (79-83)
43,1972,Montreal Expos,NL East,156,70,86,0,.449,.422,5th of 6,26.5,,513,609,26.9,25.9,30,12,M.Marshall (4.0),G.Mauch (70-86)
44,1971,Montreal Expos,NL East,162,71,90,1,.441,.428,5th of 6,25.5,,622,729,28.3,27.0,33,12,R.Staub (5.9),G.Mauch (71-90)
45,1970,Montreal Expos,NL East,162,73,89,0,.451,.427,6th of 6,16.0,,687,807,27.7,26.7,40,17,R.Staub (6.3),G.Mauch (73-89)
46,1969,Montreal Expos,NL East,162,52,110,0,.321,.363,6th of 6,48.0,,582,791,27.6,26.8,42,18,R.Staub (6.2),G.Mauch (52-110)