
Rk,Year,Tm,Lg,G,W,L,Ties,W-L%,pythW-L%,Finish,GB,Playoffs,R,RA,BatAge,PAge,#Bat,#P,Top Player,Managers
1,2014,Philadelphia Phillies,NL East,162,73,89,0,.451,.452,5th of 5,23.0,,619,687,30.8,30.1,49,26,C.Hamels (6.9),R.Sandberg (73-89)
2,2013,Philadelphia Phillies,NL East,162,73,89,0,.451,.407,4th of 5,23.0,,610,749,30.0,28.7,51,27,C.Lee (7.5),C.Manuel (53-67) and R.Sandberg (20-22)
3,2012,Philadelphia Phillies,NL East,162,81,81,0,.500,.503,3rd of 5,17.0,,684,680,31.1,29.1,49,24,C.Hamels (5.2),C.Manuel (81-81)
4,2011,Philadelphia Phillies,NL East,162,102,60,0,.630,.633,1st of 5,--,Lost LDS (3-2),713,529,31.4,29.2,42,23,C.Lee (9.2),C.Manuel (102-60)
5,2010,Philadelphia Phillies,NL East,162,97,65,0,.599,.585,1st of 5,--,Lost NLCS (4-2),772,640,31.8,31.1,42,21,R.Halladay (8.1),C.Manuel (97-65)
6,2009,Philadelphia Phillies,NL East,162,93,69,0,.574,.566,1st of 5,--,Lost WS (4-2),820,709,31.3,31.2,41,22,C.Utley (8.2),C.Manuel (93-69)
7,2008,Philadelphia Phillies,NL East,162,92,70,0,.568,.573,1st of 5,--,Won WS (4-1),799,680,30.1,30.6,40,18,C.Utley (9.0),C.Manuel (92-70)
8,2007,Philadelphia Phillies,NL East,162,89,73,0,.549,.538,1st of 5,--,Lost LDS (3-0),892,821,28.8,30.6,46,28,C.Utley (7.8),C.Manuel (89-73)
9,2006,Philadelphia Phillies,NL East,162,85,77,0,.525,.529,2nd of 5,12.0,,865,812,29.3,30.5,45,23,C.Utley (7.3),C.Manuel (85-77)
10,2005,Philadelphia Phillies,NL East,162,88,74,0,.543,.548,2nd of 5,2.0,,807,726,30.0,29.7,40,19,C.Utley (7.2),C.Manuel (88-74)
11,2004,Philadelphia Phillies,NL East,162,86,76,0,.531,.533,2nd of 5,10.0,,840,781,29.3,29.8,39,21,B.Abreu (6.5),L.Bowa (85-75) and G.Varsho (1-1)
12,2003,Philadelphia Phillies,NL East,162,86,76,0,.531,.558,3rd of 5,15.0,,791,697,28.3,29.0,38,20,B.Abreu (5.3),L.Bowa (86-76)
13,2002,Philadelphia Phillies,NL East,161,80,81,0,.497,.491,3rd of 5,21.5,,710,724,27.5,28.5,39,20,B.Abreu (5.8),L.Bowa (80-81)
14,2001,Philadelphia Phillies,NL East,162,86,76,0,.531,.517,2nd of 5,2.0,,746,719,26.9,28.9,46,22,S.Rolen (5.5),L.Bowa (86-76)
15,2000,Philadelphia Phillies,NL East,162,65,97,0,.401,.428,5th of 5,30.0,,708,830,28.5,28.7,51,27,B.Abreu (6.2),T.Francona (65-97)
16,1999,Philadelphia Phillies,NL East,162,77,85,0,.475,.497,3rd of 5,26.0,,841,846,28.2,28.3,41,22,B.Abreu (6.1),T.Francona (77-85)
17,1998,Philadelphia Phillies,NL East,162,75,87,0,.463,.443,3rd of 5,31.0,,713,808,27.1,29.3,40,21,S.Rolen (6.6),T.Francona (75-87)
18,1997,Philadelphia Phillies,NL East,162,68,94,0,.420,.397,5th of 5,33.0,,668,840,27.8,27.9,46,23,C.Schilling (6.3),T.Francona (68-94)
19,1996,Philadelphia Phillies,NL East,162,67,95,0,.414,.412,5th of 5,29.0,,650,790,28.4,27.7,54,25,C.Schilling (4.8),J.Fregosi (67-95)
20,1995,Philadelphia Phillies,NL East,144,69,75,0,.479,.469,2nd of 5,21.0,,615,658,29.7,27.1,50,26,R.Bottalico (2.9),J.Fregosi (69-75)
21,1994,Philadelphia Phillies,NL East,115,54,61,0,.470,.522,4th of 5,20.5,,521,497,29.8,29.3,40,20,D.Jackson (4.7),J.Fregosi (54-61)
22,1993,Philadelphia Phillies,NL East,162,97,65,0,.599,.577,1st of 7,--,Lost WS (4-2),877,740,29.3,28.8,40,20,L.Dykstra (6.5),J.Fregosi (97-65)
23,1992,Philadelphia Phillies,NL East,162,70,92,0,.432,.480,6th of 6,26.0,,686,717,27.7,26.8,48,24,D.Daulton (6.9),J.Fregosi (70-92)
24,1991,Philadelphia Phillies,NL East,162,78,84,0,.481,.464,3rd of 6,20.0,,629,680,29.0,26.7,43,19,J.Kruk (4.7),N.Leyva (4-9) and J.Fregosi (74-75)
25,1990,Philadelphia Phillies,NL East,162,77,85,0,.475,.445,4th of 6,18.0,,646,729,28.6,26.5,43,20,L.Dykstra (8.9),N.Leyva (77-85)
26,1989,Philadelphia Phillies,NL East,163,67,95,1,.414,.429,6th of 6,26.0,,629,735,29.0,27.8,48,22,V.Hayes (5.1),N.Leyva (67-95)
27,1988,Philadelphia Phillies,NL East,162,65,96,1,.404,.407,6th of 6,35.5,,597,734,29.0,29.0,43,21,K.Gross (3.6),L.Elia (60-92) and J.Vukovich (5-4)
28,1987,Philadelphia Phillies,NL East,162,80,82,0,.494,.470,4th of 6,15.0,,702,749,28.6,28.2,38,18,M.Schmidt (6.1),J.Felske (29-32) and L.Elia (51-50)
29,1986,Philadelphia Phillies,NL East,161,86,75,0,.534,.516,2nd of 6,21.5,,739,713,27.8,28.6,42,22,M.Schmidt (6.1),J.Felske (86-75)
30,1985,Philadelphia Phillies,NL East,162,75,87,0,.463,.496,5th of 6,26.0,,667,673,27.9,30.2,37,17,M.Schmidt (5.0),J.Felske (75-87)
31,1984,Philadelphia Phillies,NL East,162,81,81,0,.500,.519,4th of 6,15.5,,720,690,28.8,31.9,39,16,M.Schmidt (7.0),P.Owens (81-81)
32,1983,Philadelphia Phillies,NL East,163,90,72,1,.556,.542,1st of 6,--,Lost WS (4-1),696,635,31.9,30.3,44,18,J.Denny (7.6),P.Corrales (43-42) and P.Owens (47-30)
33,1982,Philadelphia Phillies,NL East,162,89,73,0,.549,.507,2nd of 6,3.0,,664,654,31.0,31.9,37,16,M.Schmidt (7.4),P.Corrales (89-73)
34,1981,Philadelphia Phillies,NL East,107,59,48,0,.551,.518,3rd of 6,2.5,Lost LDS (3-2),491,472,31.3,30.3,36,14,M.Schmidt (7.7),D.Green (59-48)
35,1980,Philadelphia Phillies,NL East,162,91,71,0,.562,.559,1st of 6,--,Won WS (4-2),728,639,30.6,28.6,39,17,S.Carlton (10.2),D.Green (91-71)
36,1979,Philadelphia Phillies,NL East,163,84,78,1,.519,.477,4th of 6,14.0,,683,718,30.7,28.3,38,17,M.Schmidt (7.9),D.Ozark (65-67) and D.Green (19-11)
37,1978,Philadelphia Phillies,NL East,162,90,72,0,.556,.586,1st of 6,--,Lost NLCS (3-1),708,586,29.9,30.3,37,15,M.Schmidt (6.2),D.Ozark (90-72)
38,1977,Philadelphia Phillies,NL East,162,101,61,0,.623,.607,1st of 6,--,Lost NLCS (3-1),847,668,29.4,29.7,36,13,M.Schmidt (8.8),D.Ozark (101-61)
39,1976,Philadelphia Phillies,NL East,162,101,61,0,.623,.644,1st of 6,--,Lost NLCS (3-0),770,557,28.8,29.8,32,11,M.Schmidt (8.0),D.Ozark (101-61)
40,1975,Philadelphia Phillies,NL East,162,86,76,0,.531,.526,2nd of 6,6.5,,735,694,27.7,27.3,39,15,M.Schmidt (7.7),D.Ozark (86-76)
41,1974,Philadelphia Phillies,NL East,162,80,82,0,.494,.483,3rd of 6,8.0,,676,701,26.7,27.6,40,19,M.Schmidt (9.7),D.Ozark (80-82)
42,1973,Philadelphia Phillies,NL East,162,71,91,0,.438,.450,6th of 6,11.5,,642,717,26.5,26.4,35,15,W.Twitchell (6.1),D.Ozark (71-91)
43,1972,Philadelphia Phillies,NL East,156,59,97,0,.378,.395,6th of 6,37.5,,503,635,26.1,27.0,38,16,S.Carlton (12.5),F.Lucchesi (26-50) and P.Owens (33-47)
44,1971,Philadelphia Phillies,NL East,162,67,95,0,.414,.405,6th of 6,30.0,,558,688,26.3,28.6,35,14,R.Wise (4.6),F.Lucchesi (67-95)
45,1970,Philadelphia Phillies,NL East,161,73,88,0,.453,.407,5th of 6,15.5,,594,730,26.7,28.8,39,15,D.Selma (5.2),F.Lucchesi (73-88)
46,1969,Philadelphia Phillies,NL East,162,63,99,0,.389,.434,5th of 6,37.0,,645,745,27.1,26.1,34,15,R.Wise (4.0),B.Skinner (44-64) and G.Myatt (19-35)
47,1968,Philadelphia Phillies,NL,162,76,86,0,.469,.443,7th of 10,21.0,,543,615,29.2,29.2,32,13,L.Jackson (4.0),G.Mauch (27-27) G.Myatt (1-0) and B.Skinner (48-59)
48,1967,Philadelphia Phillies,NL,162,82,80,0,.506,.524,5th of 10,19.5,,612,581,28.8,30.6,39,17,J.Bunning (8.0),G.Mauch (82-80)
49,1966,Philadelphia Phillies,NL,162,87,75,0,.537,.538,4th of 10,8.0,,696,640,29.1,30.1,38,19,J.Bunning (8.9),G.Mauch (87-75)
50,1965,Philadelphia Phillies,NL,162,85,76,1,.528,.491,6th of 10,11.5,,654,667,27.1,29.0,33,14,J.Bunning (8.4),G.Mauch (85-76)
51,1964,Philadelphia Phillies,NL,162,92,70,0,.568,.542,2nd of 10,1.0,,693,632,26.8,26.9,39,18,D.Allen (8.8),G.Mauch (92-70)
52,1963,Philadelphia Phillies,NL,162,87,75,0,.537,.548,4th of 10,12.0,,642,578,28.3,27.4,35,14,J.Callison (8.1),G.Mauch (87-75)
53,1962,Philadelphia Phillies,NL,161,81,80,0,.503,.466,7th of 10,20.0,,705,759,27.2,25.8,35,15,J.Callison (6.0),G.Mauch (81-80)
54,1961,Philadelphia Phillies,NL,155,47,107,1,.305,.362,8th of 8,46.0,,584,796,25.8,27.1,38,13,A.Mahaffey (2.7),G.Mauch (47-107)
55,1960,Philadelphia Phillies,NL,154,59,95,0,.383,.394,8th of 8,36.0,,546,691,26.1,26.8,40,16,R.Roberts (3.6),E.Sawyer (0-1) A.Cohen (1-0) and G.Mauch (58-94)
56,1959,Philadelphia Phillies,NL,155,64,90,1,.416,.414,8th of 8,23.0,,599,725,28.9,27.4,37,18,G.Conley (5.1),E.Sawyer (64-90)
57,1958,Philadelphia Phillies,NL,154,69,85,0,.448,.437,8th of 8,23.0,,664,762,29.1,28.0,41,19,R.Ashburn (7.1),M.Smith (39-45) and E.Sawyer (30-40)
58,1957,Philadelphia Phillies,NL,156,77,77,2,.500,.476,5th of 8,18.0,,623,656,28.1,28.1,35,14,R.Ashburn (5.5),M.Smith (77-77)
59,1956,Philadelphia Phillies,NL,154,71,83,0,.461,.455,5th of 8,22.0,,668,738,29.5,28.5,37,18,R.Ashburn (5.6),M.Smith (71-83)
60,1955,Philadelphia Phillies,NL,154,77,77,0,.500,.506,4th of 8,21.5,,675,666,28.9,28.6,44,17,R.Ashburn (6.3),M.Smith (77-77)
61,1954,Philadelphia Phillies,NL,154,75,79,0,.487,.532,4th of 8,22.0,,659,614,28.2,28.7,31,12,R.Roberts (8.6),S.O'Neill (40-37) and T.Moore (35-42)
62,1953,Philadelphia Phillies,NL,156,83,71,2,.539,.533,3rd of 8,22.0,,716,666,27.8,28.3,29,12,R.Roberts (9.8),S.O'Neill (83-71)
63,1952,Philadelphia Phillies,NL,154,87,67,0,.565,.579,4th of 8,9.5,,657,552,27.8,27.8,32,14,R.Roberts (8.5),E.Sawyer (28-35) and S.O'Neill (59-32)
64,1951,Philadelphia Phillies,NL,154,73,81,0,.474,.503,5th of 8,23.5,,648,644,27.6,28.2,37,15,R.Roberts (8.6),E.Sawyer (73-81)
65,1950,Philadelphia Phillies,NL,157,91,63,3,.591,.566,1st of 8,--,Lost WS (4-0),722,624,26.5,26.3,32,15,R.Roberts (6.8),E.Sawyer (91-63)
66,1949,Philadelphia Phillies,NL,154,81,73,0,.526,.496,3rd of 8,16.0,,662,668,25.8,28.5,33,12,K.Heintzelman (6.0),E.Sawyer (81-73)
67,1948,Philadelphia Phillies,NL,155,66,88,1,.429,.406,6th of 8,25.5,,591,728,27.0,30.9,38,20,D.Leonard (5.9),B.Chapman (37-42) D.Cooke (6-6) and E.Sawyer (23-40)
68,1947,Philadelphia Phillies,NL,155,62,92,1,.403,.430,7th of 8,32.0,,589,687,28.9,32.5,41,16,D.Leonard (6.5),B.Chapman (62-92)
69,1946,Philadelphia Phillies,NL,155,69,85,1,.448,.396,5th of 8,28.0,,560,705,29.0,29.8,49,24,D.Ennis (4.8),B.Chapman (69-85)
70,1945,Philadelphia Phillies,NL,154,46,108,0,.299,.303,8th of 8,52.0,,548,865,30.0,31.2,46,22,A.Karl (3.4),F.Fitzsimmons (18-51) and B.Chapman (28-57)
71,1944,Philadelphia Phillies,NL,154,61,92,1,.399,.410,8th of 8,43.5,,539,658,28.2,29.6,40,17,B.Adams (5.0),F.Fitzsimmons (61-92)
72,1943,Philadelphia Phillies,NL,157,64,90,3,.416,.423,7th of 8,41.0,,571,676,28.0,29.0,42,21,S.Rowe (6.1),B.Harris (39-53) and F.Fitzsimmons (25-37)
73,1942,Philadelphia Phillies,NL,151,42,109,0,.278,.256,8th of 8,62.5,,394,706,26.9,26.0,35,15,T.Hughes (3.2),H.Lobert (42-109)
74,1941,Philadelphia Phillies,NL,155,43,111,1,.279,.301,8th of 8,57.0,,501,793,26.5,27.5,34,16,D.Litwhiler (4.3),D.Prothro (43-111)
75,1940,Philadelphia Phillies,NL,153,50,103,0,.327,.318,8th of 8,50.0,,494,750,27.4,27.9,42,16,K.Higbe (4.3),D.Prothro (50-103)
76,1939,Philadelphia Phillies,NL,152,45,106,1,.298,.310,8th of 8,50.5,,553,856,28.0,27.7,46,19,M.Arnovich (3.9),D.Prothro (45-106)
77,1938,Philadelphia Phillies,NL,151,45,105,1,.300,.315,8th of 8,43.0,,550,840,28.3,28.5,38,15,A.Hollingsworth (3.1),J.Wilson (45-103) and H.Lobert (0-2)
78,1937,Philadelphia Phillies,NL,155,61,92,2,.399,.417,7th of 8,34.5,,724,869,28.2,28.0,32,14,D.Camilli (6.2),J.Wilson (61-92)
79,1936,Philadelphia Phillies,NL,154,54,100,0,.351,.416,8th of 8,38.0,,726,874,28.8,28.0,38,17,D.Camilli (5.9),J.Wilson (54-100)
80,1935,Philadelphia Phillies,NL,156,64,89,3,.418,.392,7th of 8,35.5,,685,871,29.6,27.6,32,15,C.Davis (6.9),J.Wilson (64-89)
81,1934,Philadelphia Phillies,NL,149,56,93,0,.376,.426,7th of 8,37.0,,675,794,29.1,29.8,38,15,C.Davis (8.3),J.Wilson (56-93)
82,1933,Philadelphia Phillies,NL,152,60,92,0,.395,.399,7th of 8,31.0,,607,760,28.3,29.3,34,14,C.Klein (7.5),B.Shotton (60-92)
83,1932,Philadelphia Phillies,NL,154,78,76,0,.506,.527,4th of 8,12.0,,844,796,27.6,29.8,33,14,C.Klein (6.6),B.Shotton (78-76)
84,1931,Philadelphia Phillies,NL,155,66,88,1,.429,.413,6th of 8,35.0,,684,828,26.6,28.8,33,16,R.Benge (6.0),B.Shotton (66-88)
85,1930,Philadelphia Phillies,NL,156,52,102,2,.338,.392,8th of 8,40.0,,944,1199,27.1,29.1,30,14,C.Klein (6.5),B.Shotton (52-102)
86,1929,Philadelphia Phillies,NL,154,71,82,1,.464,.436,5th of 8,27.5,,897,1032,26.6,28.2,31,15,L.O'Doul (7.4),B.Shotton (71-82)
87,1928,Philadelphia Phillies,NL,152,43,109,0,.283,.336,8th of 8,51.0,,660,957,27.3,28.0,35,16,R.Benge (2.3),B.Shotton (43-109)
88,1927,Philadelphia Phillies,NL,155,51,103,1,.331,.372,8th of 8,43.0,,678,903,30.7,29.8,34,16,D.Ulrich (3.7),S.McInnis (51-103)
89,1926,Philadelphia Phillies,NL,152,58,93,1,.384,.379,8th of 8,29.5,,687,900,30.2,29.0,38,15,H.Carlson (8.8),A.Fletcher (58-93)
90,1925,Philadelphia Phillies,NL,153,68,85,0,.444,.438,6th of 8,27.0,,812,930,29.6,30.8,35,16,H.Carlson (4.5),A.Fletcher (68-85)
91,1924,Philadelphia Phillies,NL,152,55,96,1,.364,.397,7th of 8,37.0,,676,849,29.4,30.0,33,14,C.Williams (4.1),A.Fletcher (55-96)
92,1923,Philadelphia Phillies,NL,155,50,104,1,.325,.367,8th of 8,45.5,,748,1008,28.1,28.5,37,18,J.Ring (6.4),A.Fletcher (50-104)
93,1922,Philadelphia Phillies,NL,154,57,96,1,.373,.400,7th of 8,35.5,,738,920,28.2,26.2,28,12,L.Meadows (4.7),K.Wilhelm (57-96)
94,1921,Philadelphia Phillies,NL,154,51,103,0,.331,.325,8th of 8,43.5,,617,919,28.1,26.0,36,13,C.Williams (2.5),B.Donovan (25-62) and K.Wilhelm (26-41)
95,1920,Philadelphia Phillies,NL,153,62,91,0,.405,.395,8th of 8,30.5,,565,714,28.9,26.3,28,11,C.Williams (5.8),G.Cravath (62-91)
96,1919,Philadelphia Phillies,NL,138,47,90,1,.343,.360,8th of 8,47.5,,510,699,29.3,27.7,38,16,L.Meadows (3.9),J.Coombs (18-44) and G.Cravath (29-46)
97,1918,Philadelphia Phillies,NL,125,55,68,2,.447,.425,6th of 8,26.0,,430,507,28.6,27.7,27,11,B.Hogg (4.7),P.Moran (55-68)
98,1917,Philadelphia Phillies,NL,154,87,65,2,.572,.566,2nd of 8,10.0,,578,500,29.9,28.3,24,7,P.Alexander (9.9),P.Moran (87-65)
99,1916,Philadelphia Phillies,NL,154,91,62,1,.595,.578,2nd of 8,2.5,,581,489,28.9,28.5,29,11,P.Alexander (11.7),P.Moran (91-62)
100,1915,Philadelphia Phillies,NL,153,90,62,1,.592,.608,1st of 8,--,Lost WS (4-1),589,463,28.2,26.7,23,9,P.Alexander (10.8),P.Moran (90-62)
101,1914,Philadelphia Phillies,NL,154,74,80,0,.481,.475,6th of 8,20.5,,651,687,28.5,23.8,30,10,P.Alexander (8.9),R.Dooin (74-80)
102,1913,Philadelphia Phillies,NL,159,88,63,8,.583,.539,2nd of 8,12.5,,693,636,28.9,25.0,36,14,P.Alexander (6.3),R.Dooin (88-63)
103,1912,Philadelphia Phillies,NL,152,73,79,0,.480,.488,5th of 8,30.5,,670,688,28.6,25.4,39,15,P.Alexander (6.3),R.Dooin (73-79)
104,1911,Philadelphia Phillies,NL,153,79,73,1,.520,.492,4th of 8,19.5,,658,669,28.2,27.3,39,17,P.Alexander (8.0),R.Dooin (79-73)
105,1910,Philadelphia Phillies,NL,157,78,75,4,.510,.524,4th of 8,25.5,,674,639,29.0,28.7,33,16,S.Magee (6.7),R.Dooin (78-75)
106,1909,Philadelphia Phillies,NL,154,74,79,1,.484,.498,5th of 8,36.5,,517,519,28.1,27.3,29,11,E.Moore (5.0),B.Murray (74-79)
107,1908,Philadelphia Phillies,NL,155,83,71,1,.539,.557,4th of 8,16.0,,504,445,27.3,26.4,27,10,G.McQuillan (9.2),B.Murray (83-71)
108,1907,Philadelphia Phillies,NL,149,83,64,2,.565,.535,3rd of 8,21.5,,514,476,28.1,26.6,24,11,S.Magee (6.9),B.Murray (83-64)
109,1906,Philadelphia Phillies,NL,154,71,82,1,.464,.470,4th of 8,45.5,,528,564,28.7,27.2,24,10,T.Sparks (6.4),H.Duffy (71-82)
110,1905,Philadelphia Phillies,NL,155,83,69,3,.546,.573,4th of 8,21.5,,708,603,29.0,30.0,24,11,J.Titus (5.4),H.Duffy (83-69)
111,1904,Philadelphia Phillies,NL,155,52,100,3,.342,.359,8th of 8,53.5,,571,784,27.9,28.6,31,11,R.Thomas (4.6),H.Duffy (52-100)
112,1903,Philadelphia Phillies,NL,139,49,86,4,.363,.419,7th of 8,39.5,,617,738,29.0,28.2,24,9,R.Thomas (5.5),C.Zimmer (49-86)
113,1902,Philadelphia Phillies,NL,138,56,81,1,.409,.369,7th of 8,46.0,,484,649,27.3,26.7,33,12,D.White (7.0),B.Shettsline (56-81)
114,1901,Philadelphia Phillies,NL,140,83,57,0,.593,.594,2nd of 8,7.5,,668,543,28.4,25.9,21,6,A.Orth (7.4),B.Shettsline (83-57)
115,1900,Philadelphia Phillies,NL,141,75,63,3,.543,.510,3rd of 8,8.0,,810,792,27.1,27.0,24,10,E.Flick (5.9),B.Shettsline (75-63)
116,1899,Philadelphia Phillies,NL,154,94,58,2,.618,.595,3rd of 12,9.0,,916,743,26.5,25.5,23,8,E.Delahanty (8.0),B.Shettsline (94-58)
117,1898,Philadelphia Phillies,NL,150,78,71,1,.523,.522,6th of 12,24.0,,823,784,25.5,24.7,27,10,E.Delahanty (6.1),G.Stallings (19-27) and B.Shettsline (59-44)
118,1897,Philadelphia Phillies,NL,134,55,77,2,.417,.476,10th of 12,38.0,,752,792,26.9,24.6,28,10,E.Delahanty (5.7),G.Stallings (55-77)
119,1896,Philadelphia Phillies,NL,130,62,68,0,.477,.499,8th of 12,28.5,,890,891,28.3,23.7,32,14,E.Delahanty (7.3),B.Nash (62-68)
120,1895,Philadelphia Phillies,NL,133,78,53,2,.595,.550,3rd of 12,9.5,,1068,957,28.3,22.2,24,11,E.Delahanty (6.9),A.Irwin (78-53)
121,1894,Philadelphia Phillies,NL,129,71,57,1,.555,.577,4th of 12,18.0,,1179,995,27.5,23.8,30,14,B.Hamilton (8.2),A.Irwin (71-57)
122,1893,Philadelphia Phillies,NL,133,72,57,4,.558,.583,4th of 12,14.0,,1011,841,26.8,25.0,18,8,E.Delahanty (6.9),H.Wright (72-57)
123,1892,Philadelphia Phillies,NL,155,87,66,2,.569,.599,4th of 12,16.5,,860,690,27.1,25.8,21,7,G.Weyhing (7.2),H.Wright (87-66)
124,1891,Philadelphia Phillies,NL,138,68,69,1,.496,.490,4th of 8,18.5,,756,773,25.9,24.0,28,11,K.Gleason (6.6),H.Wright (68-69)
125,1890,Philadelphia Phillies,NL,133,78,53,2,.595,.569,3rd of 8,9.0,,823,707,24.8,23.2,22,9,K.Gleason (11.6),H.Wright (36-31) J.Clements (13-6) A.Reach (4-7) and B.Allen (25-10)
126,1889,Philadelphia Quakers,NL,130,63,64,3,.496,.496,4th of 8,20.5,,742,748,26.3,25.1,21,9,C.Buffinton (11.1),H.Wright (63-64)
127,1888,Philadelphia Quakers,NL,132,69,61,2,.531,.523,3rd of 8,14.5,,535,509,26.5,24.6,21,6,C.Buffinton (12.0),H.Wright (69-61)
128,1887,Philadelphia Quakers,NL,128,75,48,5,.610,.612,2nd of 8,3.5,,901,702,26.0,24.4,20,7,C.Ferguson (10.4),H.Wright (75-48)
129,1886,Philadelphia Quakers,NL,119,71,43,5,.623,.600,4th of 8,14.0,,621,498,25.5,22.8,18,7,C.Ferguson (11.8),H.Wright (71-43)
130,1885,Philadelphia Quakers,NL,111,56,54,1,.509,.502,3rd of 8,30.0,,513,511,24.7,22.2,16,4,C.Ferguson (8.0),H.Wright (56-54)
131,1884,Philadelphia Quakers,NL,113,39,73,1,.348,.322,6th of 8,45.0,,549,824,25.1,20.9,31,11,J.Manning (2.0),H.Wright (39-73)
132,1883,Philadelphia Quakers,NL,99,17,81,1,.173,.215,8th of 8,46.0,,437,887,26.6,21.3,29,9,E.Gross (1.6),B.Ferguson (4-13) and B.Purcell (13-68)